학년,카테고리,질문,메인버블,서브버블,CTA버블,어태치먼트확인용
HIGH_A-1,授業・カリキュラム,大学受験対策はどの科目に対応していますか？,3.14コミュニティでは、英語・数学・国語・理科・社会の主要5科目すべてに対応しています。,志望大学や入試形式（共通テスト・推薦など）に合わせてお子様専用のカリキュラム・プランをご提案いたします🧑‍🏫,詳しい内容は体験や資料請求でご案内しておりますので、ぜひお気軽にご相談ください！,"[{""type"":""main"",""text"":""3.14コミュニティでは、英語・数学・国語・理科・社会の主要5科目すべてに対応しています。"",""attachment"":null},{""type"":""sub"",""text"":""志望大学や入試形式（共通テスト・推薦など）に合わせてお子様専用のカリキュラム・プランをご提案いたします🧑‍🏫"",""attachment"":null},{""type"":""cta"",""text"":""詳しい内容は体験や資料請求でご案内しておりますので、ぜひお気軽にご相談ください！"",""attachment"":null}]"
HIGH_A-2,授業・カリキュラム,難関大学向けの指導はありますか？,はい、ございます！3.14コミュニティでは、北海道大学をはじめとした難関大学志望の方向けに「難関国立大受験コース」「有名私立大受験コース」を用意しております。,また、さらに上のレベルを目指す方には、よりパーソナルなコーチングをご提供する「Brains Gym」もおすすめです☺️Brains Gymのサイトはこちら➡️ https://www.brainsgym.com/,ご興味がございましたら、いつでもご相談くださいね！,"[{""type"":""main"",""text"":""はい、ございます！3.14コミュニティでは、北海道大学をはじめとした難関大学志望の方向けに「難関国立大受験コース」「有名私立大受験コース」を用意しております。"",""attachment"":null},{""type"":""sub"",""text"":""また、さらに上のレベルを目指す方には、よりパーソナルなコーチングをご提供する「Brains Gym」もおすすめです☺️\n\nBrains Gymのサイトはこちら\n➡️ https://www.brainsgym.com/"",""attachment"":{""type"":""link"",""url"":""https://www.brainsgym.com/"",""title"":"""",""description"":"""",""thumbnail"":""""}},{""type"":""cta"",""text"":""ご興味がございましたら、いつでもご相談くださいね！"",""attachment"":null}]"
HIGH_A-3,授業・カリキュラム,定期テスト対策と受験対策は両立できますか？,もちろん可能です！3.14コミュニティでは、学校別の定期テスト対策と、大学受験に向けた長期的な指導を同時に行っています。,担任が学習スケジュールをしっかり管理し、どちらもバランスよくサポートいたしますのでご安心ください✨,他にもご不安な点があれば、お気軽にご相談くださいね！,"[{""type"":""main"",""text"":""もちろん可能です！3.14コミュニティでは、学校別の定期テスト対策と、大学受験に向けた長期的な指導を同時に行っています。"",""attachment"":null},{""type"":""sub"",""text"":""担任が学習スケジュールをしっかり管理し、どちらもバランスよくサポートいたしますのでご安心ください✨"",""attachment"":null},{""type"":""cta"",""text"":""他にもご不安な点があれば、お気軽にご相談くださいね！"",""attachment"":null}]"
HIGH_A-4,授業・カリキュラム,苦手な科目だけ受講することは可能ですか？,はい、可能です！3.14コミュニティの授業は『超・個人別指導』なので、必要な科目だけピンポイントで学習できます。,AI教材と講師の連携により、苦手分野を見える化し、効率的に克服していきます✏️,お気軽に無料体験からスタートしてみてくださいね！,"[{""type"":""main"",""text"":""はい、可能です！3.14コミュニティの授業は『超・個人別指導』なので、必要な科目だけピンポイントで学習できます。"",""attachment"":null},{""type"":""sub"",""text"":""AI教材と講師の連携により、苦手分野を見える化し、効率的に克服していきます✏️"",""attachment"":null},{""type"":""cta"",""text"":""お気軽に無料体験からスタートしてみてくださいね！"",""attachment"":null}]"
HIGH_A-5,授業・カリキュラム,高1・高2から受験対策を始められますか？,はい、むしろ高1・高2からのスタートが理想的です！3.14では志望校別の長期プランを設計し、早期から無理なく受験準備ができます。,また、推薦や総合型選抜などにも対応したサポート体制を整えています🧑‍🏫,タイミングに関するご相談も、お気軽にどうぞ！,"[{""type"":""main"",""text"":""はい、むしろ高1・高2からのスタートが理想的です！3.14では志望校別の長期プランを設計し、早期から無理なく受験準備ができます。"",""attachment"":null},{""type"":""sub"",""text"":""また、推薦や総合型選抜などにも対応したサポート体制を整えています🧑‍🏫"",""attachment"":null},{""type"":""cta"",""text"":""タイミングに関するご相談も、お気軽にどうぞ！"",""attachment"":null}]"
HIGH_B-1,通塾・学習時間,部活と両立できますか？,はい、もちろん可能です！3.14コミュニティでは、部活や学校生活と両立しながら学べる個別時間割を組むことができます。,授業がない日も自習スペースをご利用いただけるので、スキマ時間を有効に活用できます👀▶️ 時間割の例はこちら（image）,両立のご相談も大歓迎です。ぜひお気軽にご相談ください！,"[{""type"":""main"",""text"":""はい、もちろん可能です！3.14コミュニティでは、部活や学校生活と両立しながら学べる個別時間割を組むことができます。"",""attachment"":null},{""type"":""sub"",""text"":""授業がない日も自習スペースをご利用いただけるので、スキマ時間を有効に活用できます👀\n\n▶️ 時間割の例はこちら\n（image）"",""attachment"":{""type"":""image"",""url"":""https://meeta-ai-navi.s3.ap-northeast-1.amazonaws.com/image/original/742ad511-c01a-43c9-b51b-c17d5c9ee43d.png"",""title"":"""",""description"":"""",""thumbnail"":""https://meeta-ai-navi.s3.ap-northeast-1.amazonaws.com/image/original/742ad511-c01a-43c9-b51b-c17d5c9ee43d.png""}},{""type"":""cta"",""text"":""両立のご相談も大歓迎です。ぜひお気軽にご相談ください！"",""attachment"":null}]"
HIGH_B-2,通塾・学習時間,自習室はいつでも使えますか？,はい、開校時間内であれば授業のない日でも自習室をご利用いただけます！,講師が近くにいる環境なので、わからないところをすぐに質問できるのも安心ポイントです❣️,どんどん活用して、学習リズムを整えていきましょう！,"[{""type"":""main"",""text"":""はい、開校時間内であれば授業のない日でも自習室をご利用いただけます！"",""attachment"":null},{""type"":""sub"",""text"":""講師が近くにいる環境なので、わからないところをすぐに質問できるのも安心ポイントです❣️"",""attachment"":null},{""type"":""cta"",""text"":""どんどん活用して、学習リズムを整えていきましょう！"",""attachment"":null}]"
HIGH_B-3,通塾・学習時間,通塾の時間帯は選べますか？,はい、ご希望の時間帯に合わせて、通塾スケジュールを個別に設定できます。,部活や学校の行事と両立できるよう、担任が最適な時間割をご提案いたします✨▶️ 時間割の例はこちら（image）,お気軽にご希望をお聞かせくださいね！,"[{""type"":""main"",""text"":""はい、ご希望の時間帯に合わせて、通塾スケジュールを個別に設定できます。"",""attachment"":null},{""type"":""sub"",""text"":""部活や学校の行事と両立できるよう、担任が最適な時間割をご提案いたします✨\n\n▶️ 時間割の例はこちら\n（image）"",""attachment"":{""type"":""image"",""url"":""https://meeta-ai-navi.s3.ap-northeast-1.amazonaws.com/image/original/742ad511-c01a-43c9-b51b-c17d5c9ee43d.png"",""title"":"""",""description"":"""",""thumbnail"":""https://meeta-ai-navi.s3.ap-northeast-1.amazonaws.com/image/original/742ad511-c01a-43c9-b51b-c17d5c9ee43d.png""}},{""type"":""cta"",""text"":""お気軽にご希望をお聞かせくださいね！"",""attachment"":null}]"
HIGH_B-4,通塾・学習時間,授業の振替はできますか？,体調不良や急な予定変更などがあっても大丈夫です！🙆‍♀️,担任にご連絡いただければ、柔軟に振替対応させていただきますのでご安心ください✨,学びのリズムを崩さず続けられるよう、しっかりサポートいたします。,"[{""type"":""main"",""text"":""体調不良や急な予定変更などがあっても大丈夫です！🙆‍♀️"",""attachment"":null},{""type"":""sub"",""text"":""担任にご連絡いただければ、柔軟に振替対応させていただきますのでご安心ください✨"",""attachment"":null},{""type"":""cta"",""text"":""学びのリズムを崩さず続けられるよう、しっかりサポートいたします。"",""attachment"":null}]"
HIGH_B-5,通塾・学習時間,夏期・冬期講習はどのくらいの期間ありますか？,講習会は春・夏・冬にそれぞれ実施しており、期間はおおよそ1〜3週間程度です。,日程や受講内容は自由に選べるので、部活や帰省との両立も可能です✨,詳細なスケジュールはお気軽にお問い合わせください！,"[{""type"":""main"",""text"":""講習会は春・夏・冬にそれぞれ実施しており、期間はおおよそ1〜3週間程度です。"",""attachment"":null},{""type"":""sub"",""text"":""日程や受講内容は自由に選べるので、部活や帰省との両立も可能です✨"",""attachment"":null},{""type"":""cta"",""text"":""詳細なスケジュールはお気軽にお問い合わせください！"",""attachment"":null}]"
HIGH_C-1,料金・制度,授業料はいくらですか？学年や科目で変わりますか？,3.14コミュニティでは、授業受け放題の【定額制】を導入しています✨,受講科目であれば、どれだけ授業を受けても定額で必要な学習サポートが受けられるのが特徴です。▶️ 料金プランはこちら(image),詳しい内容は体験や資料請求でご案内しておりますので、ぜひお気軽にご相談ください！,"[{""type"":""main"",""text"":""3.14コミュニティでは、授業受け放題の【定額制】を導入しています✨"",""attachment"":null},{""type"":""sub"",""text"":""受講科目であれば、どれだけ授業を受けても定額で必要な学習サポートが受けられるのが特徴です。\n\n▶️ 料金プランはこちら\n(image)"",""attachment"":{""type"":""image"",""url"":""https://meeta-ai-navi.s3.ap-northeast-1.amazonaws.com/image/original/b6f8eddd-4468-4d7a-8919-ed87fbc2e59e.png"",""title"":"""",""description"":"""",""thumbnail"":""https://meeta-ai-navi.s3.ap-northeast-1.amazonaws.com/image/original/b6f8eddd-4468-4d7a-8919-ed87fbc2e59e.png""}},{""type"":""cta"",""text"":""詳しい内容は体験や資料請求でご案内しておりますので、ぜひお気軽にご相談ください！"",""attachment"":null}]"
HIGH_C-2,料金・制度,教材費は別途かかりますか？,はい、教材費は別途ご案内しておりますが、必要な分のみをご提案しております。,お子様専用のカリキュラムに応じて、最適な教材を選定いたします📚,無理なく学べるように配慮していますのでご安心ください！,"[{""type"":""main"",""text"":""はい、教材費は別途ご案内しておりますが、必要な分のみをご提案しております。"",""attachment"":null},{""type"":""sub"",""text"":""お子様専用のカリキュラムに応じて、最適な教材を選定いたします📚"",""attachment"":null},{""type"":""cta"",""text"":""無理なく学べるように配慮していますのでご安心ください！"",""attachment"":null}]"
HIGH_C-3,料金・制度,無料体験はできますか？,はい！3.14コミュニティでは、体験授業や教室見学を随時受け付けております。,,実際の雰囲気や授業スタイルを体感してから入塾をご検討ください🙇‍♂,"[{""type"":""main"",""text"":""はい！3.14コミュニティでは、体験授業や教室見学を随時受け付けております。"",""attachment"":null},{""type"":""cta"",""text"":""実際の雰囲気や授業スタイルを体感してから入塾をご検討ください🙇‍♂"",""attachment"":null}]"
HIGH_C-4,料金・制度,複数科目の受講は割引がありますか？,はい！複数科目の受講で1科目あたりの料金がお得になります。,『苦手はじっくり』『得意は先取り』など、教科を組み合わせて学べるのが3.14の魅力です✨▶️ 料金プランはこちら(image),-詳しい内容は体験や資料請求でご案内しておりますので、ぜひお気軽にご相談ください！,"[{""type"":""main"",""text"":""はい！複数科目の受講で1科目あたりの料金がお得になります。"",""attachment"":null},{""type"":""sub"",""text"":""『苦手はじっくり』『得意は先取り』など、教科を組み合わせて学べるのが3.14の魅力です✨\n\n▶️ 料金プランはこちら\n(image)"",""attachment"":{""type"":""image"",""url"":""https://meeta-ai-navi.s3.ap-northeast-1.amazonaws.com/image/original/b6f8eddd-4468-4d7a-8919-ed87fbc2e59e.png"",""title"":"""",""description"":"""",""thumbnail"":""https://meeta-ai-navi.s3.ap-northeast-1.amazonaws.com/image/original/b6f8eddd-4468-4d7a-8919-ed87fbc2e59e.png""}},{""type"":""cta"",""text"":""-\n詳しい内容は体験や資料請求でご案内しておりますので、ぜひお気軽にご相談ください！"",""attachment"":null}]"
HIGH_C-5,料金・制度,模試や外部試験の費用は含まれますか？,模試や外部試験などは、コースに応じて別途ご案内する場合があります。,ただし、担任が一人ひとりに必要なものだけをご提案いたしますのでご安心ください❣️,結果は丁寧にフィードバックし、次の学習計画に活かします！,"[{""type"":""main"",""text"":""模試や外部試験などは、コースに応じて別途ご案内する場合があります。"",""attachment"":null},{""type"":""sub"",""text"":""ただし、担任が一人ひとりに必要なものだけをご提案いたしますのでご安心ください❣️"",""attachment"":null},{""type"":""cta"",""text"":""結果は丁寧にフィードバックし、次の学習計画に活かします！"",""attachment"":null}]"
MIDDLE_A-1,授業・カリキュラム,定期テスト対策はしてもらえますか？,はい、もちろんです！3.14コミュニティでは、学校ごとの試験範囲や出題傾向に合わせた定期テスト対策を行っています✏️,追加の授業が必要になっても、定額制だから安心してしっかり取り組めます✨,無料体験でもテスト対策の雰囲気をご体験いただけますよ！,"[{""type"":""main"",""text"":""はい、もちろんです！3.14コミュニティでは、学校ごとの試験範囲や出題傾向に合わせた定期テスト対策を行っています✏️"",""attachment"":null},{""type"":""sub"",""text"":""追加の授業が必要になっても、定額制だから安心してしっかり取り組めます✨"",""attachment"":null},{""type"":""cta"",""text"":""無料体験でもテスト対策の雰囲気をご体験いただけますよ！"",""attachment"":null}]"
MIDDLE_A-2,授業・カリキュラム,学校の教科書に合わせた授業ですか？,はい、通っている学校の教科書や進度に合わせて、授業内容をカスタマイズしています📚,定期テスト対策はもちろん、次学年の先取りなど様々なニーズにお答えできます！(image),実際の授業内容は見学や資料請求でご確認ください！,"[{""type"":""main"",""text"":""はい、通っている学校の教科書や進度に合わせて、授業内容をカスタマイズしています📚"",""attachment"":null},{""type"":""sub"",""text"":""定期テスト対策はもちろん、次学年の先取りなど様々なニーズにお答えできます！\n\n(image)"",""attachment"":{""type"":""image"",""url"":""https://meeta-ai-navi.s3.ap-northeast-1.amazonaws.com/image/original/5d8c1588-904b-4a35-91a7-294a1374cb4b.png"",""title"":"""",""description"":"""",""thumbnail"":""https://meeta-ai-navi.s3.ap-northeast-1.amazonaws.com/image/original/5d8c1588-904b-4a35-91a7-294a1374cb4b.png""}},{""type"":""cta"",""text"":""実際の授業内容は見学や資料請求でご確認ください！"",""attachment"":null}]"
MIDDLE_A-3,授業・カリキュラム,苦手な教科を集中的に見てもらえますか？,もちろん可能です！AIで理解度を分析し、苦手単元を特定した上で、ピンポイントで対策していきます🧠,理解のズレを解消し、自信につなげていくサポートを全力で行います✨(image),詳しく知りたい方は、ぜひ一度ご相談か体験授業をご利用ください！,"[{""type"":""main"",""text"":""もちろん可能です！AIで理解度を分析し、苦手単元を特定した上で、ピンポイントで対策していきます🧠"",""attachment"":null},{""type"":""sub"",""text"":""理解のズレを解消し、自信につなげていくサポートを全力で行います✨\n\n(image)"",""attachment"":{""type"":""image"",""url"":""https://meeta-ai-navi.s3.ap-northeast-1.amazonaws.com/image/original/5d8c1588-904b-4a35-91a7-294a1374cb4b.png"",""title"":"""",""description"":"""",""thumbnail"":""https://meeta-ai-navi.s3.ap-northeast-1.amazonaws.com/image/original/5d8c1588-904b-4a35-91a7-294a1374cb4b.png""}},{""type"":""cta"",""text"":""詳しく知りたい方は、ぜひ一度ご相談か体験授業をご利用ください！"",""attachment"":null}]"
MIDDLE_A-4,授業・カリキュラム,宿題や課題のフォローはありますか？,はい、担任が日々の学習状況を見守っているので、宿題の進み具合や理解度もばっちり把握しています🧑‍🏫,わからないところはすぐ質問OK！自習スペースでもサポートを受けられます✨,ご不安な方は、まず無料体験や教室見学がおすすめです😊,"[{""type"":""main"",""text"":""はい、担任が日々の学習状況を見守っているので、宿題の進み具合や理解度もばっちり把握しています🧑‍🏫"",""attachment"":null},{""type"":""sub"",""text"":""わからないところはすぐ質問OK！自習スペースでもサポートを受けられます✨"",""attachment"":null},{""type"":""cta"",""text"":""ご不安な方は、まず無料体験や教室見学がおすすめです😊"",""attachment"":null}]"
MIDDLE_A-5,授業・カリキュラム,高校受験対策はいつから始めるべきですか？,できるだけ早い時期からの準備がおすすめです！3.14では中1・中2の基礎づくりが、入試本番の得点力に直結しています📈,中3からは本格的に過去問演習や模試対策など『入試対策ゼミ』で徹底対策をしましょう。(image),まずは資料請求や体験授業で、スタートのタイミングをご相談ください！,"[{""type"":""main"",""text"":""できるだけ早い時期からの準備がおすすめです！3.14では中1・中2の基礎づくりが、入試本番の得点力に直結しています📈"",""attachment"":null},{""type"":""sub"",""text"":""中3からは本格的に過去問演習や模試対策など『入試対策ゼミ』で徹底対策をしましょう。\n\n(image)"",""attachment"":{""type"":""image"",""url"":""https://meeta-ai-navi.s3.ap-northeast-1.amazonaws.com/image/original/4e4b4f60-54ec-4842-89f0-eaa8d8dac370.png"",""title"":"""",""description"":"""",""thumbnail"":""https://meeta-ai-navi.s3.ap-northeast-1.amazonaws.com/image/original/4e4b4f60-54ec-4842-89f0-eaa8d8dac370.png""}},{""type"":""cta"",""text"":""まずは資料請求や体験授業で、スタートのタイミングをご相談ください！"",""attachment"":null}]"
MIDDLE_B-1,通塾・学習時間,部活と両立できますか？,はい、もちろんです！3.14コミュニティでは、部活や習い事と両立しやすい時間帯で授業を受けられます。,授業のない日でも自習スペースで学習できるので、スキマ時間の活用にも最適です📖▶️ 時間割の例はこちら(image),ご希望の通塾スケジュールなど、ぜひお気軽にご相談ください！,"[{""type"":""main"",""text"":""はい、もちろんです！3.14コミュニティでは、部活や習い事と両立しやすい時間帯で授業を受けられます。"",""attachment"":null},{""type"":""sub"",""text"":""授業のない日でも自習スペースで学習できるので、スキマ時間の活用にも最適です📖\n\n▶️ 時間割の例はこちら\n(image)"",""attachment"":null},{""type"":""cta"",""text"":""ご希望の通塾スケジュールなど、ぜひお気軽にご相談ください！"",""attachment"":null}]"
MIDDLE_B-2,通塾・学習時間,自習室はいつでも使えますか？,はい、開校時間内であればいつでも自習室をご利用いただけます！,授業のない日でも先生が近くにいて、質問や学習サポートを受けられる環境です🧑‍🏫,実際の自習室の雰囲気は、見学や体験でご確認いただけます😊,"[{""type"":""main"",""text"":""はい、開校時間内であればいつでも自習室をご利用いただけます！"",""attachment"":null},{""type"":""sub"",""text"":""授業のない日でも先生が近くにいて、質問や学習サポートを受けられる環境です🧑‍🏫"",""attachment"":{""type"":""image"",""url"":""https://meeta-ai-navi.s3.ap-northeast-1.amazonaws.com/image/original/330edda5-9efe-4e2a-8aef-68ffd5a28934.png"",""title"":"""",""description"":"""",""thumbnail"":""https://meeta-ai-navi.s3.ap-northeast-1.amazonaws.com/image/original/330edda5-9efe-4e2a-8aef-68ffd5a28934.png""}},{""type"":""cta"",""text"":""実際の自習室の雰囲気は、見学や体験でご確認いただけます😊"",""attachment"":null}]"
MIDDLE_B-3,通塾・学習時間,通塾の時間帯は選べますか？,はい、通塾の曜日・時間帯はご都合に合わせて自由に設定できます。,担任が部活やご家庭のスケジュールをヒアリングして、無理のない学習計画をご提案します🗓️▶️ 時間割の例はこちら(image),ご希望の時間帯をお気軽にご相談ください！,"[{""type"":""main"",""text"":""はい、通塾の曜日・時間帯はご都合に合わせて自由に設定できます。"",""attachment"":null},{""type"":""sub"",""text"":""担任が部活やご家庭のスケジュールをヒアリングして、無理のない学習計画をご提案します🗓️\n\n▶️ 時間割の例はこちら\n(image)"",""attachment"":{""type"":""image"",""url"":""https://meeta-ai-navi.s3.ap-northeast-1.amazonaws.com/image/original/330edda5-9efe-4e2a-8aef-68ffd5a28934.png"",""title"":"""",""description"":"""",""thumbnail"":""https://meeta-ai-navi.s3.ap-northeast-1.amazonaws.com/image/original/330edda5-9efe-4e2a-8aef-68ffd5a28934.png""}},{""type"":""cta"",""text"":""ご希望の時間帯をお気軽にご相談ください！"",""attachment"":null}]"
MIDDLE_B-4,通塾・学習時間,授業の振替はできますか？,はい、もちろんです👌体調不良や予定変更の際もご安心ください！,担任にご連絡いただければ、振替授業や自習サポートでフォローいたします❣️,柔軟な対応が可能なので、気になる方は体験時にご相談ください。,"[{""type"":""main"",""text"":""はい、もちろんです👌体調不良や予定変更の際もご安心ください！"",""attachment"":null},{""type"":""sub"",""text"":""担任にご連絡いただければ、振替授業や自習サポートでフォローいたします❣️"",""attachment"":null},{""type"":""cta"",""text"":""柔軟な対応が可能なので、気になる方は体験時にご相談ください。"",""attachment"":null}]"
MIDDLE_B-5,通塾・学習時間,夏期・冬期講習はどのくらいの期間ありますか？,講習会は夏・冬・春に実施しており、各シーズン2週間前後のスケジュールが目安です。,内容や日程は個別にカスタマイズできるので、帰省や部活との両立も可能です✨,講習内容の詳細は、パンフレットや体験時にご案内しております！,"[{""type"":""main"",""text"":""講習会は夏・冬・春に実施しており、各シーズン2週間前後のスケジュールが目安です。"",""attachment"":null},{""type"":""sub"",""text"":""内容や日程は個別にカスタマイズできるので、帰省や部活との両立も可能です✨"",""attachment"":null},{""type"":""cta"",""text"":""講習内容の詳細は、パンフレットや体験時にご案内しております！"",""attachment"":null}]"
MIDDLE_C-1,料金・制度,授業料はいくらですか？学年や科目で変わりますか？,3.14コミュニティでは、授業受け放題の【定額制】を導入しています🧑‍🏫,必要な授業やサポートを自由に受けられるのが特長です！▶️ 料金プランはこちら(image),料金詳細は教室でのご案内か、資料請求をご活用ください！,"[{""type"":""main"",""text"":""3.14コミュニティでは、授業受け放題の【定額制】を導入しています🧑‍🏫"",""attachment"":null},{""type"":""sub"",""text"":""必要な授業やサポートを自由に受けられるのが特長です！\n\n▶️ 料金プランはこちら\n(image)"",""attachment"":{""type"":""image"",""url"":""https://meeta-ai-navi.s3.ap-northeast-1.amazonaws.com/image/original/00eb2c7a-da26-441f-b631-bd69d0696c6b.png"",""title"":"""",""description"":"""",""thumbnail"":""https://meeta-ai-navi.s3.ap-northeast-1.amazonaws.com/image/original/00eb2c7a-da26-441f-b631-bd69d0696c6b.png""}},{""type"":""cta"",""text"":""料金詳細は教室でのご案内か、資料請求をご活用ください！"",""attachment"":null}]"
MIDDLE_C-2,料金・制度,教材費は別途かかりますか？,はい、教材費は別途ご案内しておりますが、必要な分のみをご提案しております。,お子様専用のカリキュラムに応じて、最適な教材を選定いたします📚,無理なく学べるように配慮していますのでご安心ください！,"[{""type"":""main"",""text"":""はい、教材費は別途ご案内しておりますが、必要な分のみをご提案しております。"",""attachment"":null},{""type"":""sub"",""text"":""お子様専用のカリキュラムに応じて、最適な教材を選定いたします📚"",""attachment"":null},{""type"":""cta"",""text"":""無理なく学べるように配慮していますのでご安心ください！"",""attachment"":null}]"
MIDDLE_C-3,料金・制度,無料体験はできますか？,はい！3.14コミュニティでは、体験授業や教室見学を随時受け付けております。,,実際の雰囲気や授業スタイルを体感してから入塾をご検討ください🙇‍♂,"[{""type"":""main"",""text"":""はい！3.14コミュニティでは、体験授業や教室見学を随時受け付けております。"",""attachment"":null},{""type"":""cta"",""text"":""実際の雰囲気や授業スタイルを体感してから入塾をご検討ください🙇‍♂"",""attachment"":null}]"
MIDDLE_C-4,料金・制度,複数科目の受講は割引がありますか？,はい！複数科目の受講で1科目あたりの料金がお得になります。,『苦手はじっくり』『得意は先取り』など、教科を組み合わせて学べるのが3.14の魅力です✨▶️ 料金プランはこちら(image),-詳しい内容は体験や資料請求でご案内しておりますので、ぜひお気軽にご相談ください！,"[{""type"":""main"",""text"":""はい！複数科目の受講で1科目あたりの料金がお得になります。"",""attachment"":null},{""type"":""sub"",""text"":""『苦手はじっくり』『得意は先取り』など、教科を組み合わせて学べるのが3.14の魅力です✨\n\n▶️ 料金プランはこちら\n(image)"",""attachment"":{""type"":""image"",""url"":""https://meeta-ai-navi.s3.ap-northeast-1.amazonaws.com/image/original/00eb2c7a-da26-441f-b631-bd69d0696c6b.png"",""title"":"""",""description"":"""",""thumbnail"":""https://meeta-ai-navi.s3.ap-northeast-1.amazonaws.com/image/original/00eb2c7a-da26-441f-b631-bd69d0696c6b.png""}},{""type"":""cta"",""text"":""-\n詳しい内容は体験や資料請求でご案内しておりますので、ぜひお気軽にご相談ください！"",""attachment"":null}]"
MIDDLE_C-5,料金・制度,模試や外部試験の費用は含まれますか？,模試や外部試験などは、コースに応じて別途ご案内する場合があります。,ただし、担任が一人ひとりに必要なものだけをご提案いたしますのでご安心ください❣️,結果は丁寧にフィードバックし、次の学習計画に活かします！,"[{""type"":""main"",""text"":""模試や外部試験などは、コースに応じて別途ご案内する場合があります。"",""attachment"":null},{""type"":""sub"",""text"":""ただし、担任が一人ひとりに必要なものだけをご提案いたしますのでご安心ください❣️"",""attachment"":null},{""type"":""cta"",""text"":""結果は丁寧にフィードバックし、次の学習計画に活かします！"",""attachment"":null}]"
ELEMENTARY_A-1,授業・カリキュラム,小学校の授業に合わせた指導ですか？,はい、3.14コミュニティでは、学校ごとの教科書や授業進度に合わせて丁寧にサポートしています🧑‍🏫,つまずきやすい単元も、個別に立ち止まってしっかり理解を深められます。,詳しい指導内容は体験授業や資料請求でご覧いただけます📘,"[{""type"":""main"",""text"":""はい、3.14コミュニティでは、学校ごとの教科書や授業進度に合わせて丁寧にサポートしています🧑‍🏫"",""attachment"":null},{""type"":""sub"",""text"":""つまずきやすい単元も、個別に立ち止まってしっかり理解を深められます。"",""attachment"":null},{""type"":""cta"",""text"":""詳しい指導内容は体験授業や資料請求でご覧いただけます📘"",""attachment"":null}]"
ELEMENTARY_A-2,授業・カリキュラム,中学受験コースはありますか？,はい、希望される方には中学受験に向けた個別対応が可能です！,志望校のレベルや出題傾向に合わせて、カリキュラムを柔軟にカスタマイズいたします✨,まずはご希望の受験校や開始時期について、お気軽にご相談ください😊,"[{""type"":""main"",""text"":""はい、希望される方には中学受験に向けた個別対応が可能です！"",""attachment"":null},{""type"":""sub"",""text"":""志望校のレベルや出題傾向に合わせて、カリキュラムを柔軟にカスタマイズいたします✨"",""attachment"":{""type"":""image"",""url"":""https://meeta-ai-navi.s3.ap-northeast-1.amazonaws.com/image/original/26a26c4b-212f-4c63-a4bb-225b7c91be81.png"",""title"":"""",""description"":"""",""thumbnail"":""https://meeta-ai-navi.s3.ap-northeast-1.amazonaws.com/image/original/26a26c4b-212f-4c63-a4bb-225b7c91be81.png""}},{""type"":""cta"",""text"":""まずはご希望の受験校や開始時期について、お気軽にご相談ください😊"",""attachment"":null}]"
ELEMENTARY_A-3,授業・カリキュラム,低学年でも集中して取り組めますか？,はい、ご安心ください！一人ひとりの集中力や理解度に合わせて、無理のないスモールステップで学習を進めていきます。,講師が近くで見守り、声かけしながら進めるので、自然と学ぶ姿勢が身につきます🧑‍🏫,体験授業で実際の様子をご確認いただけますよ！,"[{""type"":""main"",""text"":""はい、ご安心ください！一人ひとりの集中力や理解度に合わせて、無理のないスモールステップで学習を進めていきます。"",""attachment"":null},{""type"":""sub"",""text"":""講師が近くで見守り、声かけしながら進めるので、自然と学ぶ姿勢が身につきます🧑‍🏫"",""attachment"":null},{""type"":""cta"",""text"":""体験授業で実際の様子をご確認いただけますよ！"",""attachment"":null}]"
ELEMENTARY_A-4,授業・カリキュラム,漢字・計算など基礎から見てもらえますか？,もちろんです！学年の枠にとらわれず、お子さま一人ひとりの習熟度に合わせて基礎から丁寧に指導します。,『わかった！できた！』の成功体験を積み重ねることで、学ぶ楽しさが育ちます✨,詳しい内容は、教室での体験や面談でご確認いただけます📒,"[{""type"":""main"",""text"":""もちろんです！学年の枠にとらわれず、お子さま一人ひとりの習熟度に合わせて基礎から丁寧に指導します。"",""attachment"":null},{""type"":""sub"",""text"":""『わかった！できた！』の成功体験を積み重ねることで、学ぶ楽しさが育ちます✨"",""attachment"":null},{""type"":""cta"",""text"":""詳しい内容は、教室での体験や面談でご確認いただけます📒"",""attachment"":null}]"
ELEMENTARY_A-5,授業・カリキュラム,宿題はありますか？,はい、お子さまに応じて無理のない範囲で宿題を出しています📃,家庭学習の習慣づけや、授業で学んだ内容の定着を目的としています。,どんな宿題が出るか気になる方は、体験時にぜひチェックしてみてください😀,"[{""type"":""main"",""text"":""はい、お子さまに応じて無理のない範囲で宿題を出しています📃"",""attachment"":null},{""type"":""sub"",""text"":""家庭学習の習慣づけや、授業で学んだ内容の定着を目的としています。"",""attachment"":null},{""type"":""cta"",""text"":""どんな宿題が出るか気になる方は、体験時にぜひチェックしてみてください😀"",""attachment"":null}]"
ELEMENTARY_B-1,通塾・学習時間,学童や他の習い事と両立できますか？,はい、多くのお子さまが学童や習い事と両立しながら通塾しています！,通う曜日や時間帯は柔軟に設定でき、学習時間も無理のない範囲で調整できます🗓️,まずはスケジュールのご希望を体験時にご相談ください☺️,"[{""type"":""main"",""text"":""はい、多くのお子さまが学童や習い事と両立しながら通塾しています！"",""attachment"":null},{""type"":""sub"",""text"":""通う曜日や時間帯は柔軟に設定でき、学習時間も無理のない範囲で調整できます🗓️"",""attachment"":null},{""type"":""cta"",""text"":""まずはスケジュールのご希望を体験時にご相談ください☺️"",""attachment"":null}]"
ELEMENTARY_B-2,通塾・学習時間,授業の時間帯は何時からですか？,平日は15:30〜、土曜は13:30〜など、学年や希望に応じて時間帯を選べます。,放課後すぐに来るお子さまもいれば、夕方の習い事後に通う方もいます🏫,詳しい時間帯のご案内は教室または無料体験でご確認いただけます！,"[{""type"":""main"",""text"":""平日は15:30〜、土曜は13:30〜など、学年や希望に応じて時間帯を選べます。"",""attachment"":null},{""type"":""sub"",""text"":""放課後すぐに来るお子さまもいれば、夕方の習い事後に通う方もいます🏫"",""attachment"":null},{""type"":""cta"",""text"":""詳しい時間帯のご案内は教室または無料体験でご確認いただけます！"",""attachment"":null}]"
ELEMENTARY_B-3,通塾・学習時間,保護者の送り迎えは必要ですか？,低学年のお子さまは、安全面を考慮して送迎をお願いするケースが多いです👪,通塾ルートや時間帯に応じて、通学方法をご提案することも可能です。,まずは体験時に通塾のご不安をご相談ください！,"[{""type"":""main"",""text"":""低学年のお子さまは、安全面を考慮して送迎をお願いするケースが多いです👪"",""attachment"":null},{""type"":""sub"",""text"":""通塾ルートや時間帯に応じて、通学方法をご提案することも可能です。"",""attachment"":null},{""type"":""cta"",""text"":""まずは体験時に通塾のご不安をご相談ください！"",""attachment"":null}]"
ELEMENTARY_B-4,通塾・学習時間,週1回だけでも通えますか？,はい、週1回から通塾できます！学習習慣の定着や学びのきっかけづくりにもおすすめです。,学年や目的に応じて、最適な頻度をご提案いたします✨,まずは【無料体験】で雰囲気をご確認ください🧑‍🏫,"[{""type"":""main"",""text"":""はい、週1回から通塾できます！学習習慣の定着や学びのきっかけづくりにもおすすめです。"",""attachment"":null},{""type"":""sub"",""text"":""学年や目的に応じて、最適な頻度をご提案いたします✨"",""attachment"":null},{""type"":""cta"",""text"":""まずは【無料体験】で雰囲気をご確認ください🧑‍🏫"",""attachment"":null}]"
ELEMENTARY_B-5,通塾・学習時間,長期休みの講習はありますか？,はい、春・夏・冬に講習会を実施しています。復習や先取り、苦手克服など目的に応じて参加できます！,講習期間は通常2週間程度で、日程も柔軟に組めます🗓️,講習内容の詳細は、パンフレットや無料体験でご確認いただけます📘,"[{""type"":""main"",""text"":""はい、春・夏・冬に講習会を実施しています。復習や先取り、苦手克服など目的に応じて参加できます！"",""attachment"":null},{""type"":""sub"",""text"":""講習期間は通常2週間程度で、日程も柔軟に組めます🗓️"",""attachment"":null},{""type"":""cta"",""text"":""講習内容の詳細は、パンフレットや無料体験でご確認いただけます📘"",""attachment"":null}]"
ELEMENTARY_C-1,料金・制度,小学生の授業料はいくらですか？,3.14コミュニティでは、授業受け放題の【定額制】を導入しています🧑‍🏫,必要な授業やサポートを自由に受けられるのが特長です！▶️ 料金プランはこちら(image),料金詳細は教室でのご案内か、資料請求をご活用ください！,"[{""type"":""main"",""text"":""3.14コミュニティでは、授業受け放題の【定額制】を導入しています🧑‍🏫"",""attachment"":null},{""type"":""sub"",""text"":""必要な授業やサポートを自由に受けられるのが特長です！\n\n▶️ 料金プランはこちら\n(image)"",""attachment"":{""type"":""image"",""url"":""https://meeta-ai-navi.s3.ap-northeast-1.amazonaws.com/image/original/fbf8db0a-d1ed-42ae-9099-af9c0fe5d226.png"",""title"":"""",""description"":"""",""thumbnail"":""https://meeta-ai-navi.s3.ap-northeast-1.amazonaws.com/image/original/fbf8db0a-d1ed-42ae-9099-af9c0fe5d226.png""}},{""type"":""cta"",""text"":""料金詳細は教室でのご案内か、資料請求をご活用ください！"",""attachment"":null}]"
ELEMENTARY_C-2,料金・制度,兄弟で通うと割引はありますか？,はい、ご兄弟・姉妹での通塾には【兄弟割引】の制度がございます❣️,ご家庭の教育ニーズに合わせて、柔軟にご提案させていただきます。,割引内容の詳細は、教室または体験時にお気軽にご相談ください😊,"[{""type"":""main"",""text"":""はい、ご兄弟・姉妹での通塾には【兄弟割引】の制度がございます❣️"",""attachment"":null},{""type"":""sub"",""text"":""ご家庭の教育ニーズに合わせて、柔軟にご提案させていただきます。"",""attachment"":null},{""type"":""cta"",""text"":""割引内容の詳細は、教室または体験時にお気軽にご相談ください😊"",""attachment"":null}]"
ELEMENTARY_C-3,料金・制度,教材費や年会費はありますか？,はい、教材費は別途ご案内しておりますが、必要な分のみをご提案しております。,お子様専用のカリキュラムに応じて、最適な教材を選定いたします📚,無理なく学べるように配慮していますのでご安心ください！,"[{""type"":""main"",""text"":""はい、教材費は別途ご案内しておりますが、必要な分のみをご提案しております。"",""attachment"":null},{""type"":""sub"",""text"":""お子様専用のカリキュラムに応じて、最適な教材を選定いたします📚"",""attachment"":null},{""type"":""cta"",""text"":""無理なく学べるように配慮していますのでご安心ください！"",""attachment"":null}]"
ELEMENTARY_C-4,料金・制度,無料体験はできますか？,はい！3.14コミュニティでは、体験授業や教室見学を随時受け付けております。,,実際の雰囲気や授業スタイルを体感してから入塾をご検討ください🙇‍♂,"[{""type"":""main"",""text"":""はい！3.14コミュニティでは、体験授業や教室見学を随時受け付けております。"",""attachment"":null},{""type"":""cta"",""text"":""実際の雰囲気や授業スタイルを体感してから入塾をご検討ください🙇‍♂"",""attachment"":null}]"
ELEMENTARY_C-5,料金・制度,入塾テストはありますか？,基本的には入塾テストは行っておりませんので、どなたでも安心してご入会いただけます☺️,学力診断や面談を通して、最適な学習スタートをご提案します！,まずは体験やご相談からお気軽に始めていただけますよ🙋,"[{""type"":""main"",""text"":""基本的には入塾テストは行っておりませんので、どなたでも安心してご入会いただけます☺️"",""attachment"":null},{""type"":""sub"",""text"":""学力診断や面談を通して、最適な学習スタートをご提案します！"",""attachment"":null},{""type"":""cta"",""text"":""まずは体験やご相談からお気軽に始めていただけますよ🙋"",""attachment"":null}]"
PRESCHOOL_A-1,授業・カリキュラム,何歳から通えますか？,3.14コミュニティでは、年少（満3歳）頃から通っていただけます。,遊びの中で思考力・集中力・ことばの力を育てる「脳力開発コース」をご用意しています🏃‍♀️,まずは見学や体験でお子さまのご様子をご確認いただけます😊,"[{""type"":""main"",""text"":""3.14コミュニティでは、年少（満3歳）頃から通っていただけます。"",""attachment"":null},{""type"":""sub"",""text"":""遊びの中で思考力・集中力・ことばの力を育てる「脳力開発コース」をご用意しています🏃‍♀️"",""attachment"":{""type"":""image"",""url"":""https://meeta-ai-navi.s3.ap-northeast-1.amazonaws.com/image/original/3181ff5f-f1a5-480d-b4b0-a101699e4a97.png"",""title"":"""",""description"":"""",""thumbnail"":""https://meeta-ai-navi.s3.ap-northeast-1.amazonaws.com/image/original/3181ff5f-f1a5-480d-b4b0-a101699e4a97.png""}},{""type"":""cta"",""text"":""まずは見学や体験でお子さまのご様子をご確認いただけます😊"",""attachment"":null}]"
PRESCHOOL_A-2,授業・カリキュラム,小学校受験に対応していますか？,はい、小学校受験をお考えのご家庭向けに、対応したカリキュラムのご相談も可能です👩‍🎓,思考力・言語・集団活動など、目的に合わせた支援をご提案します！,詳しくは教室までお気軽にお問い合わせください☺️,"[{""type"":""main"",""text"":""はい、小学校受験をお考えのご家庭向けに、対応したカリキュラムのご相談も可能です👩‍🎓"",""attachment"":null},{""type"":""sub"",""text"":""思考力・言語・集団活動など、目的に合わせた支援をご提案します！"",""attachment"":null},{""type"":""cta"",""text"":""詳しくは教室までお気軽にお問い合わせください☺️"",""attachment"":null}]"
PRESCHOOL_A-3,授業・カリキュラム,授業はどんな内容ですか？,3.14コミュニティの幼児コースでは、3つの学びのプログラムをご用意しています。,🧠 パズル道場：図形・数理パズルで“考える力”と粘り強さを育成🔤 Lepton（レプトン）：英語4技能をバランスよく育てる個別学習🤖 クレファス：ロボット製作やプログラミングで創造力と思考力を伸ばす,実際の活動は体験レッスンや見学でご覧いただけます！,"[{""type"":""main"",""text"":""3.14コミュニティの幼児コースでは、3つの学びのプログラムをご用意しています。"",""attachment"":null},{""type"":""sub"",""text"":""🧠 パズル道場：図形・数理パズルで“考える力”と粘り強さを育成\n\n🔤 Lepton（レプトン）：英語4技能をバランスよく育てる個別学習\n\n🤖 クレファス：ロボット製作やプログラミングで創造力と思考力を伸ばす"",""attachment"":null},{""type"":""cta"",""text"":""実際の活動は体験レッスンや見学でご覧いただけます！"",""attachment"":null}]"
PRESCHOOL_A-4,授業・カリキュラム,遊びと学びのバランスはどうなっていますか？,無理な詰め込みはせず、遊びの中に“学びの芽”を散りばめたプログラムです。,「できた！」「たのしい！」を大切にしながら、自信と集中力を育てていきます✈️,お子さまのペースに合わせた指導についても、体験時にご相談いただけます😊,"[{""type"":""main"",""text"":""無理な詰め込みはせず、遊びの中に“学びの芽”を散りばめたプログラムです。"",""attachment"":null},{""type"":""sub"",""text"":""「できた！」「たのしい！」を大切にしながら、自信と集中力を育てていきます✈️"",""attachment"":null},{""type"":""cta"",""text"":""お子さまのペースに合わせた指導についても、体験時にご相談いただけます😊"",""attachment"":null}]"
PRESCHOOL_A-5,授業・カリキュラム,人見知りでも大丈夫ですか？,ご安心ください。初めての場が不安なお子さまには、少人数・個別対応でゆっくり慣れていただきます。,先生が一人ひとりの表情や反応を見ながら、やさしく関わります✨,ご心配な点は体験時にぜひご相談ください。保護者同伴での見学も可能です！👪,"[{""type"":""main"",""text"":""ご安心ください。初めての場が不安なお子さまには、少人数・個別対応でゆっくり慣れていただきます。"",""attachment"":null},{""type"":""sub"",""text"":""先生が一人ひとりの表情や反応を見ながら、やさしく関わります✨"",""attachment"":null},{""type"":""cta"",""text"":""ご心配な点は体験時にぜひご相談ください。保護者同伴での見学も可能です！👪"",""attachment"":null}]"
PRESCHOOL_B-1,通塾・学習時間,保育園や幼稚園との両立はできますか？,はい、多くのお子さまが保育園・幼稚園に通いながら、週1〜2回の通塾で両立しています。,夕方や土曜日などの時間帯を選んで通えるので、無理なく続けられます✨,ご家庭のスケジュールに合わせた通塾プランをご提案いたします😊,"[{""type"":""main"",""text"":""はい、多くのお子さまが保育園・幼稚園に通いながら、週1〜2回の通塾で両立しています。"",""attachment"":null},{""type"":""sub"",""text"":""夕方や土曜日などの時間帯を選んで通えるので、無理なく続けられます✨"",""attachment"":null},{""type"":""cta"",""text"":""ご家庭のスケジュールに合わせた通塾プランをご提案いたします😊"",""attachment"":null}]"
PRESCHOOL_B-2,通塾・学習時間,通う頻度はどのくらいが理想ですか？,基本的には週1回から通塾できますが、集中力や目的に応じて週2回のコースもご用意しています。,「はじめての学び」に慣れるところから、少しずつペースを作っていきます✨,まずは週1回から試せる体験レッスンにご参加ください😊,"[{""type"":""main"",""text"":""基本的には週1回から通塾できますが、集中力や目的に応じて週2回のコースもご用意しています。"",""attachment"":null},{""type"":""sub"",""text"":""「はじめての学び」に慣れるところから、少しずつペースを作っていきます✨"",""attachment"":null},{""type"":""cta"",""text"":""まずは週1回から試せる体験レッスンにご参加ください😊"",""attachment"":null}]"
PRESCHOOL_B-3,通塾・学習時間,保護者の同伴は必要ですか？,通塾時の同伴は任意です。はじめは保護者の方が付き添っていただいても構いません。,お子さまが慣れてきたタイミングで、お預けいただくスタイルも選べます❣️,見学や体験の際に、お子さまの様子を見ながらご相談いただけます😊,"[{""type"":""main"",""text"":""通塾時の同伴は任意です。はじめは保護者の方が付き添っていただいても構いません。"",""attachment"":null},{""type"":""sub"",""text"":""お子さまが慣れてきたタイミングで、お預けいただくスタイルも選べます❣️"",""attachment"":null},{""type"":""cta"",""text"":""見学や体験の際に、お子さまの様子を見ながらご相談いただけます😊"",""attachment"":null}]"
PRESCHOOL_B-4,通塾・学習時間,午後と午前のクラスがありますか？,教室によって異なりますが、午前中・午後の両方の時間帯で開講している日もございます。,お子さまの生活リズムや園のスケジュールに合わせてご相談可能です✨,詳しい開講曜日・時間帯は、教室または体験時にご確認いただけます📅,"[{""type"":""main"",""text"":""教室によって異なりますが、午前中・午後の両方の時間帯で開講している日もございます。"",""attachment"":null},{""type"":""sub"",""text"":""お子さまの生活リズムや園のスケジュールに合わせてご相談可能です✨"",""attachment"":null},{""type"":""cta"",""text"":""詳しい開講曜日・時間帯は、教室または体験時にご確認いただけます📅"",""attachment"":null}]"
PRESCHOOL_B-5,通塾・学習時間,欠席時のフォローはありますか？,体調不良やご都合による欠席には、振替対応や内容の補完をご案内しています🙆‍♀️,学びのペースが崩れないよう、個別にしっかりフォローいたします！,欠席時の対応について詳しく知りたい方は、お気軽にご相談ください😊,"[{""type"":""main"",""text"":""体調不良やご都合による欠席には、振替対応や内容の補完をご案内しています🙆‍♀️"",""attachment"":null},{""type"":""sub"",""text"":""学びのペースが崩れないよう、個別にしっかりフォローいたします！"",""attachment"":null},{""type"":""cta"",""text"":""欠席時の対応について詳しく知りたい方は、お気軽にご相談ください😊"",""attachment"":null}]"
PRESCHOOL_C-1,料金・制度,幼児コースの料金はいくらですか？,幼児コースはお選びいただくプログラムによって料金が異なります🏫,"- 英語教室「Lepton」: 月額 9,790円 ~ - 思考力育成「パズル道場」: 月額 6,600円 ~- ロボット製作講座「crefas」：月額 9,750円 ~",それぞれの内容や教材費については、無料体験や資料請求で詳しくご案内しております😊,"[{""type"":""main"",""text"":""幼児コースはお選びいただくプログラムによって料金が異なります🏫"",""attachment"":null},{""type"":""sub"",""text"":""- 英語教室「Lepton」: 月額 9,790円 ~ \n- 思考力育成「パズル道場」: 月額 6,600円 ~\n- ロボット製作講座「crefas」：月額 9,750円 ~"",""attachment"":null},{""type"":""cta"",""text"":""それぞれの内容や教材費については、無料体験や資料請求で詳しくご案内しております😊"",""attachment"":null}]"
PRESCHOOL_C-2,料金・制度,入会金・教材費はかかりますか？,はい、入会時には所定の入会金と教材費がかかります。,ただし、必要な教材だけをご案内するので、無駄なご負担はありません📚,費用の詳細については、資料請求または体験時にご確認いただけます😊,"[{""type"":""main"",""text"":""はい、入会時には所定の入会金と教材費がかかります。"",""attachment"":null},{""type"":""sub"",""text"":""ただし、必要な教材だけをご案内するので、無駄なご負担はありません📚"",""attachment"":null},{""type"":""cta"",""text"":""費用の詳細については、資料請求または体験時にご確認いただけます😊"",""attachment"":null}]"
PRESCHOOL_C-3,料金・制度,無料体験はありますか？,はい、3.14コミュニティでは幼児のお子さま向けに【無料体験レッスン】をご用意しています！,初めての環境でも安心して過ごせるよう、先生がやさしくサポートいたします✨,ぜひお気軽にお申し込みください🙆‍♀️,"[{""type"":""main"",""text"":""はい、3.14コミュニティでは幼児のお子さま向けに【無料体験レッスン】をご用意しています！"",""attachment"":null},{""type"":""sub"",""text"":""初めての環境でも安心して過ごせるよう、先生がやさしくサポートいたします✨"",""attachment"":null},{""type"":""cta"",""text"":""ぜひお気軽にお申し込みください🙆‍♀️"",""attachment"":null}]"
PRESCHOOL_C-4,料金・制度,定期的な成長レポートはもらえますか？,はい、お子さまの成長の様子や取り組み内容について、定期的にフィードバックをお渡ししています。,家庭でも成長の変化を感じられるよう、丁寧なコメントをお届けしています✨,気になる点があればいつでも面談でご相談いただけます😊,"[{""type"":""main"",""text"":""はい、お子さまの成長の様子や取り組み内容について、定期的にフィードバックをお渡ししています。"",""attachment"":null},{""type"":""sub"",""text"":""家庭でも成長の変化を感じられるよう、丁寧なコメントをお届けしています✨"",""attachment"":null},{""type"":""cta"",""text"":""気になる点があればいつでも面談でご相談いただけます😊"",""attachment"":null}]"
PRESCHOOL_C-5,料金・制度,他の年齢層に切り替えるタイミングは？,就学前後のタイミングで、小学生向けコースへのスムーズな切り替えが可能です。,「もう少し先取りしたい」「集中力が伸びてきた」など、お子さまの成長に応じてご提案します✨,面談や体験を通して、最適なタイミングをご一緒に考えていきましょう😊,"[{""type"":""main"",""text"":""就学前後のタイミングで、小学生向けコースへのスムーズな切り替えが可能です。"",""attachment"":null},{""type"":""sub"",""text"":""「もう少し先取りしたい」「集中力が伸びてきた」など、お子さまの成長に応じてご提案します✨"",""attachment"":null},{""type"":""cta"",""text"":""面談や体験を通して、最適なタイミングをご一緒に考えていきましょう😊"",""attachment"":null}]"