테스트번호,유저역할,유저아이디,테스트카테고리,메세지,응답결과_스테이터스코드,main버블,sub버블,cta버블,응답시간(ms),성공여부,검증오류,실행시간,응답결과_바디
2-3,User_S,Hyunse0001,general,変更可能な時間はいつですか？,200,3.14では、授業の時間変更について柔軟に対応しており、基本的な時間割はありますが生徒さんの部活動などの予定に合わせて相談可能です。また、前日までのご連絡であれば振替授業も可能となっています。,,教室によって開校時間が異なりますので、具体的な時間についてはご希望の教室をお伺いしてからご案内させていただきます。ご希望の教室がございましたら、お気軽にお申し付けください。,4304,성공,,2025-07-27T13:49:16.997Z,"[{""type"":""main"",""text"":""3.14では、授業の時間変更について柔軟に対応しており、基本的な時間割はありますが生徒さんの部活動などの予定に合わせて相談可能です。また、前日までのご連絡であれば振替授業も可能となっています。"",""attachment"":null},{""type"":""cta"",""text"":""教室によって開校時間が異なりますので、具体的な時間についてはご希望の教室をお伺いしてからご案内させていただきます。ご希望の教室がございましたら、お気軽にお申し付けください。"",""attachment"":null}]"
2-4,User_S,Hyunse0001,general,水曜日の午前9時に変更したいです。,200,申し訳ございませんが、授業時間の変更については直接教室にお問い合わせいただく必要がございます。,3.14の教室へお電話（0120-876-314）いただくか、次回登校時に室長または担当講師にご相談ください。,ご不便をおかけして申し訳ございませんが、よろしくお願いいたします。,2791,성공,,2025-07-27T13:49:20.790Z,"[{""type"":""main"",""text"":""申し訳ございませんが、授業時間の変更については直接教室にお問い合わせいただく必要がございます。"",""attachment"":null},{""type"":""sub"",""text"":""3.14の教室へお電話（0120-876-314）いただくか、次回登校時に室長または担当講師にご相談ください。"",""attachment"":null},{""type"":""cta"",""text"":""ご不便をおかけして申し訳ございませんが、よろしくお願いいたします。"",""attachment"":null}]"
3,User_S,Hyunse0001,general,体調が悪くて病院に行かないといけないので、遅れそうです,200,体調不良による遅刻のご連絡、承知いたしました。ご自身の健康を最優先にしていただくことが大切ですので、まずは病院での診察をしっかりと受けていただければと思います。,,ご回復後、スクールにお越しいただく際は、受付スタッフにお声がけください。体調に応じて、その日のカリキュラムを調整させていただきます。お大事になさってください。,3563,성공,,2025-07-27T13:49:25.358Z,"[{""type"":""main"",""text"":""体調不良による遅刻のご連絡、承知いたしました。ご自身の健康を最優先にしていただくことが大切ですので、まずは病院での診察をしっかりと受けていただければと思います。"",""attachment"":null},{""type"":""cta"",""text"":""ご回復後、スクールにお越しいただく際は、受付スタッフにお声がけください。体調に応じて、その日のカリキュラムを調整させていただきます。お大事になさってください。"",""attachment"":null}]"
4-1,User_S,Hyunse0001,general,今日は体調が良くないので、お休みしなければならないと思います,200,体調不良のご連絡、承知いたしました。,お体の具合が悪いとのこと、ご心配をおかけしますが、まずはゆっくり休養を取っていただくことが大切です。早めの回復を心よりお祈りしております。,ご回復されましたら、次回のご来校をお待ちしております。必要に応じて補講などのご相談も承りますので、ご安心ください。,3831,성공,,2025-07-27T13:49:30.193Z,"[{""type"":""main"",""text"":""体調不良のご連絡、承知いたしました。"",""attachment"":null},{""type"":""sub"",""text"":""お体の具合が悪いとのこと、ご心配をおかけしますが、まずはゆっくり休養を取っていただくことが大切です。早めの回復を心よりお祈りしております。"",""attachment"":null},{""type"":""cta"",""text"":""ご回復されましたら、次回のご来校をお待ちしております。必要に応じて補講などのご相談も承りますので、ご安心ください。"",""attachment"":null}]"
4-2,User_S,Hyunse0001,general,今日は体調が良くないので、お休みしなければならないと思います,200,体調不良のご連絡、承知いたしました。,お体の具合が悪いとのこと、ご心配をおかけしますが、まずはゆっくり休養を取っていただくことが大切です。回復に専念してください。,また、体調が回復されましたら、授業の振替についてもご相談させていただきますので、ご安心ください。お大事になさってください。,3412,성공,,2025-07-27T13:49:34.607Z,"[{""type"":""main"",""text"":""体調不良のご連絡、承知いたしました。"",""attachment"":null},{""type"":""sub"",""text"":""お体の具合が悪いとのこと、ご心配をおかけしますが、まずはゆっくり休養を取っていただくことが大切です。回復に専念してください。"",""attachment"":null},{""type"":""cta"",""text"":""また、体調が回復されましたら、授業の振替についてもご相談させていただきますので、ご安心ください。お大事になさってください。"",""attachment"":null}]"
5,User_S,Hyunse0001,general,今日は家に用事があって、お休みしなければならないと思います,200,欠席のご連絡、承知いたしました。生徒さまの安全と学習の継続性を考慮し、以下のご案内をさせていただきます。,🗓️ 欠席される場合は、お通いの校舎へ直接ご連絡いただけますと幸いです。校舎の連絡先は「校舎を探す」からご確認いただけます。,ご用事が済みましたら、次回のご来校を心よりお待ちしております。補講などのご相談も承りますので、お気軽に校舎スタッフまでお申し付けください。,4163,성공,,2025-07-27T13:49:39.772Z,"[{""type"":""main"",""text"":""欠席のご連絡、承知いたしました。生徒さまの安全と学習の継続性を考慮し、以下のご案内をさせていただきます。"",""attachment"":null},{""type"":""sub"",""text"":""🗓️ 欠席される場合は、お通いの校舎へ直接ご連絡いただけますと幸いです。校舎の連絡先は「校舎を探す」からご確認いただけます。"",""attachment"":null},{""type"":""cta"",""text"":""ご用事が済みましたら、次回のご来校を心よりお待ちしております。補講などのご相談も承りますので、お気軽に校舎スタッフまでお申し付けください。"",""attachment"":null}]"
6,User_S,Hyunse0001,general,もしかして、オンラインで授業を受けることはできますか？,200,申し訳ありませんが、3.14の授業形態に関するオンライン授業の情報は確認できません。ただし、オンライン自習システムは利用可能であることは分かっています。,自習に関しては、教室の自習スペースを無料で利用できる他、オンライン自習システムも活用できます。,詳しい授業形態やオンラインでの学習についてお知りになりたい場合は、お近くの3.14教室に直接お問い合わせいただくことをお勧めします。,7017,성공,,2025-07-27T13:49:47.792Z,"[{""type"":""main"",""text"":""申し訳ありませんが、3.14の授業形態に関するオンライン授業の情報は確認できません。ただし、オンライン自習システムは利用可能であることは分かっています。"",""attachment"":null},{""type"":""sub"",""text"":""自習に関しては、教室の自習スペースを無料で利用できる他、オンライン自習システムも活用できます。"",""attachment"":null},{""type"":""cta"",""text"":""詳しい授業形態やオンラインでの学習についてお知りになりたい場合は、お近くの3.14教室に直接お問い合わせいただくことをお勧めします。"",""attachment"":null}]"
7,User_S,Hyunse0001,general,塾を辞めたいのですが、別途手続きが必要ですか？,200,3.14では、退塾手続きについて所定の手続きが必要となります。退塾をご希望の場合は、原則として退塾希望月の前月20日までに、通塾中の教室へ退塾届の提出をお願いしております。,具体的な手続き方法や必要書類については、現在通塾されている教室の担当者にご相談ください。教室の連絡先や場所が分からない場合は、お通いの教室名をお教えいただければ、詳しい情報をご案内させていただきます。,退塾に関するご不明な点やご相談は、各教室のスタッフが丁寧にご対応させていただきますので、お気軽にお申し付けください。,5465,성공,,2025-07-27T13:49:54.258Z,"[{""type"":""main"",""text"":""3.14では、退塾手続きについて所定の手続きが必要となります。退塾をご希望の場合は、原則として退塾希望月の前月20日までに、通塾中の教室へ退塾届の提出をお願いしております。"",""attachment"":null},{""type"":""sub"",""text"":""具体的な手続き方法や必要書類については、現在通塾されている教室の担当者にご相談ください。教室の連絡先や場所が分からない場合は、お通いの教室名をお教えいただければ、詳しい情報をご案内させていただきます。"",""attachment"":null},{""type"":""cta"",""text"":""退塾に関するご不明な点やご相談は、各教室のスタッフが丁寧にご対応させていただきますので、お気軽にお申し付けください。"",""attachment"":null}]"
8,User_S,Hyunse0001,general,塾を辞めたいのですが、いつまでに申請すればよいですか？,200,3.14の退塾に関する重要な手続きについてご案内いたします。,🗓️ 退塾を希望される場合は、退塾希望月の前月15日までに、通塾中の教室へお申し出ください。例えば3月末での退塾を希望される場合は、2月15日までにお手続きが必要となります。,具体的な手続き方法や必要書類については、通塾中の教室のスタッフにお気軽にご相談ください。また、退塾の理由についてもお話を伺わせていただければ、解決策をご提案できる場合もございます。,5551,성공,,2025-07-27T13:50:00.811Z,"[{""type"":""main"",""text"":""3.14の退塾に関する重要な手続きについてご案内いたします。"",""attachment"":null},{""type"":""sub"",""text"":""🗓️ 退塾を希望される場合は、退塾希望月の前月15日までに、通塾中の教室へお申し出ください。例えば3月末での退塾を希望される場合は、2月15日までにお手続きが必要となります。"",""attachment"":null},{""type"":""cta"",""text"":""具体的な手続き方法や必要書類については、通塾中の教室のスタッフにお気軽にご相談ください。また、退塾の理由についてもお話を伺わせていただければ、解決策をご提案できる場合もございます。"",""attachment"":null}]"
9,User_S,Hyunse0001,general,塾を辞めたい場合、電話で申請してもいいですか？,200,3.14の退塾に関する手続きについて、ご案内させていただきます。,退塾の手続きは、お電話だけでは受け付けておりません。退塾をご希望の場合は、通塾されている教室に直接お越しいただき、所定の退塾届をご提出いただく必要がございます。退塾届は前月20日までにご提出ください。,ご不明な点がございましたら、通塾中の教室のスタッフまでお気軽にご相談ください。また、退塾をお考えの理由などございましたら、一度担当講師やスタッフとご相談いただければと思います。,4884,성공,,2025-07-27T13:50:06.699Z,"[{""type"":""main"",""text"":""3.14の退塾に関する手続きについて、ご案内させていただきます。"",""attachment"":null},{""type"":""sub"",""text"":""退塾の手続きは、お電話だけでは受け付けておりません。退塾をご希望の場合は、通塾されている教室に直接お越しいただき、所定の退塾届をご提出いただく必要がございます。退塾届は前月20日までにご提出ください。"",""attachment"":null},{""type"":""cta"",""text"":""ご不明な点がございましたら、通塾中の教室のスタッフまでお気軽にご相談ください。また、退塾をお考えの理由などございましたら、一度担当講師やスタッフとご相談いただければと思います。"",""attachment"":null}]"
10,User_S,Hyunse0001,general,今月末まで塾に通って辞めたいです。退会手続きの案内をお願いします。,200,3.14の退会手続きについて、ご案内させていただきます。,退会をご希望の場合は、退会希望月の前月10日までに、通塾中の教室へ退会届のご提出が必要となります。例えば今月末での退会をご希望の場合、すでに期限を過ぎておりますので、来月末の退会となりますことをご了承ください。,具体的な手続きについては、通塾中の教室のスタッフにお問い合わせいただくか、お電話（011-707-2423、受付時間：10:00～18:00 土日祝除く）にてご相談ください。スタッフが丁寧にご案内させていただきます。,5646,성공,,2025-07-27T13:50:13.350Z,"[{""type"":""main"",""text"":""3.14の退会手続きについて、ご案内させていただきます。"",""attachment"":null},{""type"":""sub"",""text"":""退会をご希望の場合は、退会希望月の前月10日までに、通塾中の教室へ退会届のご提出が必要となります。例えば今月末での退会をご希望の場合、すでに期限を過ぎておりますので、来月末の退会となりますことをご了承ください。"",""attachment"":null},{""type"":""cta"",""text"":""具体的な手続きについては、通塾中の教室のスタッフにお問い合わせいただくか、お電話（011-707-2423、受付時間：10:00～18:00 土日祝除く）にてご相談ください。スタッフが丁寧にご案内させていただきます。"",""attachment"":null}]"
11,User_S,Hyunse0001,general,授業料が毎月自動引き落としされているのですが、今月末まで授業を受けて退会したく、自動引き落としも停止していただくことをお願いします。,200,3.14では、退会に関するお手続きは通っている教室での直接のお手続きが必要となります。退会月の前月末までにお申し出いただく必要がございます。,,お手数ですが、通塾されている教室のスタッフまでご相談ください。退会手続きと共に、自動引き落としの停止手続きについてもご案内させていただきます。,3754,성공,,2025-07-27T13:50:18.106Z,"[{""type"":""main"",""text"":""3.14では、退会に関するお手続きは通っている教室での直接のお手続きが必要となります。退会月の前月末までにお申し出いただく必要がございます。"",""attachment"":null},{""type"":""cta"",""text"":""お手数ですが、通塾されている教室のスタッフまでご相談ください。退会手続きと共に、自動引き落としの停止手続きについてもご案内させていただきます。"",""attachment"":null}]"
12,User_S,Hyunse0001,general,進学先の学校が決まったので、来月まで授業を受けて退会したいです。,200,3.14では、生徒様の進路決定を心よりお祝い申し上げます。退会に関するご相談は、通われている校舎の担任の先生に直接お申し出いただくのがベストです。,,具体的なお手続きやスケジュールについて詳しくご説明させていただきたいので、通われている校舎をお教えいただけますでしょうか？校舎名をお知らせいただければ、より詳しい情報をご案内させていただきます。,4533,성공,,2025-07-27T13:50:23.643Z,"[{""type"":""main"",""text"":""3.14では、生徒様の進路決定を心よりお祝い申し上げます。退会に関するご相談は、通われている校舎の担任の先生に直接お申し出いただくのがベストです。"",""attachment"":null},{""type"":""cta"",""text"":""具体的なお手続きやスケジュールについて詳しくご説明させていただきたいので、通われている校舎をお教えいただけますでしょうか？校舎名をお知らせいただければ、より詳しい情報をご案内させていただきます。"",""attachment"":null}]"
13-1,User_S,Hyunse0001,general,入院することになったのですが、受講を停止してから後でまた再開することはできますか？,200,3.14では、入院などのやむを得ない事情による一時的な受講停止に柔軟に対応しており、回復後の学習再開もスムーズに行えるシステムを整えています。,🏥 休会・復会について・入院による休会は可能（事前連絡が必要）・休会中は授業料が発生しません・復会時期は体調に合わせて相談可能・休会前の学習状況を考慮して復会後のカリキュラムを調整,ご回復後の学習再開についても安心してご相談ください。休会手続きや復会時期などの詳細については、通われている教室のスタッフまでお気軽にお問い合わせください。,5258,성공,,2025-07-27T13:50:29.904Z,"[{""type"":""main"",""text"":""3.14では、入院などのやむを得ない事情による一時的な受講停止に柔軟に対応しており、回復後の学習再開もスムーズに行えるシステムを整えています。"",""attachment"":null},{""type"":""sub"",""text"":""🏥 休会・復会について\n・入院による休会は可能（事前連絡が必要）\n・休会中は授業料が発生しません\n・復会時期は体調に合わせて相談可能\n・休会前の学習状況を考慮して復会後のカリキュラムを調整"",""attachment"":null},{""type"":""cta"",""text"":""ご回復後の学習再開についても安心してご相談ください。休会手続きや復会時期などの詳細については、通われている教室のスタッフまでお気軽にお問い合わせください。"",""attachment"":null}]"
13-2,User_S,Hyunse0001,general,来週の水曜日に退院します。授業は木曜日から受けることができます。,200,3.14では、前日までのご連絡で振替授業の対応が可能です。退院後の木曜日からの授業再開についても柔軟に対応させていただきます。,,安心して治療に専念していただき、木曜日からまたお待ちしております。ご不明な点がございましたら、お気軽に教室までご連絡ください。,6065,성공,,2025-07-27T13:50:48.048Z,"[{""type"":""main"",""text"":""3.14では、前日までのご連絡で振替授業の対応が可能です。退院後の木曜日からの授業再開についても柔軟に対応させていただきます。"",""attachment"":null},{""type"":""cta"",""text"":""安心して治療に専念していただき、木曜日からまたお待ちしております。ご不明な点がございましたら、お気軽に教室までご連絡ください。"",""attachment"":null}]"
14-1,User_S,Hyunse0001,general,6月16日から他の塾に転校して授業を受けることはできますか？,200,3.14では、前日までのご連絡をいただければ、振替授業の対応が可能です。ただし、他の塾への転校に関しては、事前にご相談いただく必要がございます。,,具体的な転校のご相談やお手続きについては、通われている教室のスタッフまでお気軽にご相談ください。お子様の学習環境の変更について、丁寧にご説明させていただきます。,3059,성공,,2025-07-27T13:50:52.109Z,"[{""type"":""main"",""text"":""3.14では、前日までのご連絡をいただければ、振替授業の対応が可能です。ただし、他の塾への転校に関しては、事前にご相談いただく必要がございます。"",""attachment"":null},{""type"":""cta"",""text"":""具体的な転校のご相談やお手続きについては、通われている教室のスタッフまでお気軽にご相談ください。お子様の学習環境の変更について、丁寧にご説明させていただきます。"",""attachment"":null}]"
14-2,User_S,Hyunse0001,general,はい、他の地域に引っ越しします。,200,3.14では札幌市内に多数のスクールを展開しており、お引越し先の地域でも学習を継続していただける可能性が高いです。詳しい情報をお調べいたしますので、お引越し先の地域をお教えいただけますでしょうか。,,具体的な地域をお知らせいただければ、その地域の最寄りのスクールや通学可能なスクールについて、より詳しい情報をご案内させていただきます。,3784,성공,,2025-07-27T13:50:56.897Z,"[{""type"":""main"",""text"":""3.14では札幌市内に多数のスクールを展開しており、お引越し先の地域でも学習を継続していただける可能性が高いです。詳しい情報をお調べいたしますので、お引越し先の地域をお教えいただけますでしょうか。"",""attachment"":null},{""type"":""cta"",""text"":""具体的な地域をお知らせいただければ、その地域の最寄りのスクールや通学可能なスクールについて、より詳しい情報をご案内させていただきます。"",""attachment"":null}]"
15,User_S,Hyunse0001,general,授業料の入金方法を案内してください,200,3.14の授業料のお支払い方法についてご案内いたします。,お支払い方法は、銀行口座からの自動引き落としとなっております。毎月26日（土日祝の場合は翌営業日）に、ご登録いただいた口座より引き落としさせていただきます。口座登録に関する詳細は、入会時にお渡しする書類をご確認ください。,ご不明な点がございましたら、お気軽にスクールまでお電話（0120-876-314）にてお問い合わせください。また、特別なご事情がある場合は、個別にご相談させていただきますので、スタッフまでお申し付けください。,4343,성공,,2025-07-27T13:51:02.245Z,"[{""type"":""main"",""text"":""3.14の授業料のお支払い方法についてご案内いたします。"",""attachment"":null},{""type"":""sub"",""text"":""お支払い方法は、銀行口座からの自動引き落としとなっております。毎月26日（土日祝の場合は翌営業日）に、ご登録いただいた口座より引き落としさせていただきます。口座登録に関する詳細は、入会時にお渡しする書類をご確認ください。"",""attachment"":null},{""type"":""cta"",""text"":""ご不明な点がございましたら、お気軽にスクールまでお電話（0120-876-314）にてお問い合わせください。また、特別なご事情がある場合は、個別にご相談させていただきますので、スタッフまでお申し付けください。"",""attachment"":null}]"
16,User_S,Hyunse0001,general,銀行から振込をしても大丈夫ですか？,200,3.14では、銀行振込でのお支払いを承っております。安全で便利な決済方法の一つとして多くの保護者様にご利用いただいております。,,具体的なお振込方法や口座情報については、通塾時に詳しいご案内をさせていただきますので、お気軽に各校舎のスタッフまでお問い合わせください。,3125,성공,,2025-07-27T13:51:06.375Z,"[{""type"":""main"",""text"":""3.14では、銀行振込でのお支払いを承っております。安全で便利な決済方法の一つとして多くの保護者様にご利用いただいております。"",""attachment"":null},{""type"":""cta"",""text"":""具体的なお振込方法や口座情報については、通塾時に詳しいご案内をさせていただきますので、お気軽に各校舎のスタッフまでお問い合わせください。"",""attachment"":null}]"
17,User_S,Hyunse0001,general,インターネットバンキングで振込してもいいですか？,200,申し訳ございませんが、お支払い方法に関する具体的な情報を提供するには、どの校舎やコースについてのご質問かを教えていただく必要がございます。,校舎やコースをお知らせいただけましたら、より正確な情報をご案内させていただきます。,お手数ですが、通われている（または通いたい）校舎名やコース名をお教えいただけますでしょうか？,3753,성공,,2025-07-27T13:51:11.130Z,"[{""type"":""main"",""text"":""申し訳ございませんが、お支払い方法に関する具体的な情報を提供するには、どの校舎やコースについてのご質問かを教えていただく必要がございます。"",""attachment"":null},{""type"":""sub"",""text"":""校舎やコースをお知らせいただけましたら、より正確な情報をご案内させていただきます。"",""attachment"":null},{""type"":""cta"",""text"":""お手数ですが、通われている（または通いたい）校舎名やコース名をお教えいただけますでしょうか？"",""attachment"":null}]"
18,User_S,Hyunse0001,general,毎月の自動振替日はいつですか？,200,3.14では、毎月の授業料は27日に口座からの自動振替となっております。新規入会月は入会金と初月分の授業料を現金またはクレジットカードでお支払いいただきます。,,ご不明な点がございましたら、お気軽に各教室のスタッフまでお問い合わせください。教室探しのお手伝いもさせていただきます。,3607,성공,,2025-07-27T13:51:15.739Z,"[{""type"":""main"",""text"":""3.14では、毎月の授業料は27日に口座からの自動振替となっております。新規入会月は入会金と初月分の授業料を現金またはクレジットカードでお支払いいただきます。"",""attachment"":null},{""type"":""cta"",""text"":""ご不明な点がございましたら、お気軽に各教室のスタッフまでお問い合わせください。教室探しのお手伝いもさせていただきます。"",""attachment"":null}]"
19,User_S,Hyunse0001,general,自動振替日が週末の場合、いつ引き落としされますか？,200,3.14では、自動振替日が土曜日・日曜日・祝日の場合、翌営業日（平日）に引き落としが行われます。,,ご不明な点がございましたら、お通いの教室のスタッフまでお気軽にお問い合わせください。また、引き落とし口座の変更などについてもスタッフにご相談いただけます。,4252,성공,,2025-07-27T13:51:20.994Z,"[{""type"":""main"",""text"":""3.14では、自動振替日が土曜日・日曜日・祝日の場合、翌営業日（平日）に引き落としが行われます。"",""attachment"":null},{""type"":""cta"",""text"":""ご不明な点がございましたら、お通いの教室のスタッフまでお気軽にお問い合わせください。また、引き落とし口座の変更などについてもスタッフにご相談いただけます。"",""attachment"":null}]"
20,User_S,Hyunse0001,general,授業料は前払い制ですか？,200,3.14では、授業料は月謝制で前払い制となっております。月初めに翌月分の授業料をお支払いいただく形となります。,,ご不明な点がございましたら、具体的な料金プランや支払い方法について、お気軽にお近くの教室までお問い合わせください。,4092,성공,,2025-07-27T13:51:26.090Z,"[{""type"":""main"",""text"":""3.14では、授業料は月謝制で前払い制となっております。月初めに翌月分の授業料をお支払いいただく形となります。"",""attachment"":null},{""type"":""cta"",""text"":""ご不明な点がございましたら、具体的な料金プランや支払い方法について、お気軽にお近くの教室までお問い合わせください。"",""attachment"":null}]"
21,User_S,Hyunse0001,general,今月の授業料はいくらですか？,200,申し訳ございませんが、具体的な授業料の情報が見つかりませんでした。3.14では、コースや学年によって授業料が異なります。,,お客様に最適なコースと正確な授業料をご案内させていただきたいので、お電話やメール、または直接教室へお問い合わせいただけますと幸いです。,7522,성공,,2025-07-27T13:51:34.616Z,"[{""type"":""main"",""text"":""申し訳ございませんが、具体的な授業料の情報が見つかりませんでした。3.14では、コースや学年によって授業料が異なります。"",""attachment"":null},{""type"":""cta"",""text"":""お客様に最適なコースと正確な授業料をご案内させていただきたいので、お電話やメール、または直接教室へお問い合わせいただけますと幸いです。"",""attachment"":null}]"
22,User_S,Hyunse0001,general,来月の授業料は何ヶ月分支払う必要がありますか？,200,3.14では、授業料のお支払いは毎月1ヶ月分となっております。前月末までにその月分の授業料をお支払いいただく形となります。,,ご不安な点やご不明な点がございましたら、教室のスタッフまでお気軽にご相談ください。各教室で丁寧にご説明させていただきます。,3050,성공,,2025-07-27T13:51:38.672Z,"[{""type"":""main"",""text"":""3.14では、授業料のお支払いは毎月1ヶ月分となっております。前月末までにその月分の授業料をお支払いいただく形となります。"",""attachment"":null},{""type"":""cta"",""text"":""ご不安な点やご不明な点がございましたら、教室のスタッフまでお気軽にご相談ください。各教室で丁寧にご説明させていただきます。"",""attachment"":null}]"
23-1,User_S,Hyunse0001,general,授業料の領収書発行方法を案内してください,200,3.14では、授業料のお支払いに対する領収書は、ご要望に応じて発行させていただいております。教室スタッフにお申し付けいただければ、その場で発行が可能です。,,ご不明な点がございましたら、通われている教室のスタッフまでお気軽にお声がけください。教室での手続きについては、できる限り丁寧にご案内させていただきます。,3733,성공,,2025-07-27T13:51:43.407Z,"[{""type"":""main"",""text"":""3.14では、授業料のお支払いに対する領収書は、ご要望に応じて発行させていただいております。教室スタッフにお申し付けいただければ、その場で発行が可能です。"",""attachment"":null},{""type"":""cta"",""text"":""ご不明な点がございましたら、通われている教室のスタッフまでお気軽にお声がけください。教室での手続きについては、できる限り丁寧にご案内させていただきます。"",""attachment"":null}]"
23-2,User_S,Hyunse0002,general,最近3ヶ月間の授業料の領収書が必要です。,200,3.14では、授業料のお支払いは原則として口座引き落としとなっており、教室での現金取り扱いは行っておりません。,領収書につきましては、お通いの教室にて発行手続きが可能です。必要な月をお伝えいただければ、スタッフが対応させていただきます。,まずはお通いの教室へご連絡いただき、領収書が必要な期間をお伝えください。教室のスタッフが丁寧にご対応させていただきます。,3637,성공,,2025-07-27T13:51:48.046Z,"[{""type"":""main"",""text"":""3.14では、授業料のお支払いは原則として口座引き落としとなっており、教室での現金取り扱いは行っておりません。"",""attachment"":null},{""type"":""sub"",""text"":""領収書につきましては、お通いの教室にて発行手続きが可能です。必要な月をお伝えいただければ、スタッフが対応させていただきます。"",""attachment"":null},{""type"":""cta"",""text"":""まずはお通いの教室へご連絡いただき、領収書が必要な期間をお伝えください。教室のスタッフが丁寧にご対応させていただきます。"",""attachment"":null}]"
24,User_S,Hyunse0001,general,授業料の自動振替が可能な銀行を案内してください,200,3.14では、授業料のお支払いは口座振替でご対応いただけます。主要な都市銀行、地方銀行、ゆうちょ銀行、信用金庫などほとんどの金融機関でご利用可能です。,,お手続きについては、入会時に口座振替依頼書をご記入いただくだけで簡単に設定が完了いたします。詳しい手続き方法や対応金融機関の一覧については、お近くの教室スタッフまでお気軽にお問い合わせください。,5130,성공,,2025-07-27T13:51:54.177Z,"[{""type"":""main"",""text"":""3.14では、授業料のお支払いは口座振替でご対応いただけます。主要な都市銀行、地方銀行、ゆうちょ銀行、信用金庫などほとんどの金融機関でご利用可能です。"",""attachment"":null},{""type"":""cta"",""text"":""お手続きについては、入会時に口座振替依頼書をご記入いただくだけで簡単に設定が完了いたします。詳しい手続き方法や対応金融機関の一覧については、お近くの教室スタッフまでお気軽にお問い合わせください。"",""attachment"":null}]"
25,User_S,Hyunse0001,general,塾の授業はどのように進行されるか紹介してください,200,3.14では、1回50分の授業で、生徒一人ひとりに合わせた個別カリキュラムを提供しています。授業では主体的な学習習慣の確立を重視し、生徒が自ら考え学ぶ力を養成します。,質問や不明点があれば、授業中はもちろん、自習時間中でも講師に相談することができます。担任と講師によるダブル指導体制で、きめ細かなサポートを受けることができます。,まずは無料の体験授業で、実際の授業の雰囲気を体験してみることをおすすめします。お気軽にお近くの教室までお問い合わせください。,5988,성공,,2025-07-27T13:52:01.169Z,"[{""type"":""main"",""text"":""3.14では、1回50分の授業で、生徒一人ひとりに合わせた個別カリキュラムを提供しています。授業では主体的な学習習慣の確立を重視し、生徒が自ら考え学ぶ力を養成します。"",""attachment"":null},{""type"":""sub"",""text"":""質問や不明点があれば、授業中はもちろん、自習時間中でも講師に相談することができます。担任と講師によるダブル指導体制で、きめ細かなサポートを受けることができます。"",""attachment"":null},{""type"":""cta"",""text"":""まずは無料の体験授業で、実際の授業の雰囲気を体験してみることをおすすめします。お気軽にお近くの教室までお問い合わせください。"",""attachment"":null}]"
26-1,User_S,Hyunse0001,general,塾のカリキュラムはどのようになっていますか？,200,3.14では、生徒一人ひとりに合わせた自分専用カリキュラムを作成し、担任と講師によるダブル指導体制で学習をサポートしています。,🎓 コース別の特徴・幼児：グローバルスキルと脳力開発に重点・小学生：個別指導と探究型学習を提供・中学生：担任制と定額受け放題の授業・高校生：現役合格に向けた専門的な指導・オンライン：遠隔でも質の高い個別指導,詳しい各コースの内容や特徴について知りたい場合は、具体的な学年やご希望の学習スタイルをお聞かせください。ご要望に合わせて最適なコースをご案内させていただきます。,6319,성공,,2025-07-27T13:52:08.489Z,"[{""type"":""main"",""text"":""3.14では、生徒一人ひとりに合わせた自分専用カリキュラムを作成し、担任と講師によるダブル指導体制で学習をサポートしています。"",""attachment"":null},{""type"":""sub"",""text"":""🎓 コース別の特徴\n・幼児：グローバルスキルと脳力開発に重点\n・小学生：個別指導と探究型学習を提供\n・中学生：担任制と定額受け放題の授業\n・高校生：現役合格に向けた専門的な指導\n・オンライン：遠隔でも質の高い個別指導"",""attachment"":null},{""type"":""cta"",""text"":""詳しい各コースの内容や特徴について知りたい場合は、具体的な学年やご希望の学習スタイルをお聞かせください。ご要望に合わせて最適なコースをご案内させていただきます。"",""attachment"":null}]"
26-2,User_S,Hyunse0001,general,塾のカリキュラムはどのようになっていますか？,200,3.14では、生徒一人ひとりに合わせた完全オーダーメイドのカリキュラムを提供しています。担任講師と教科講師が連携しながら、個々の目標や学力に応じた最適な学習計画を作成し、AIも活用した効果的な指導を行っています。,🎓 コース別カリキュラム・幼児：探究型学習と英語指導を重視した脳力開発コース・小学生：個別指導による基礎学力と学習習慣の確立・中学生：担任制による親身な指導と定額制の受け放題システム・高校生：現役合格に向けた専門的な受験指導とハイレベル個別授業,詳しい内容やご希望のコースについて、お気軽に各校舎までお問い合わせください。無料の体験授業もご用意しております。,7199,성공,,2025-07-27T13:52:16.691Z,"[{""type"":""main"",""text"":""3.14では、生徒一人ひとりに合わせた完全オーダーメイドのカリキュラムを提供しています。担任講師と教科講師が連携しながら、個々の目標や学力に応じた最適な学習計画を作成し、AIも活用した効果的な指導を行っています。"",""attachment"":null},{""type"":""sub"",""text"":""🎓 コース別カリキュラム\n・幼児：探究型学習と英語指導を重視した脳力開発コース\n・小学生：個別指導による基礎学力と学習習慣の確立\n・中学生：担任制による親身な指導と定額制の受け放題システム\n・高校生：現役合格に向けた専門的な受験指導とハイレベル個別授業"",""attachment"":null},{""type"":""cta"",""text"":""詳しい内容やご希望のコースについて、お気軽に各校舎までお問い合わせください。無料の体験授業もご用意しております。"",""attachment"":null}]"
27-1,User_S,Hyunse0001,general,開設されている授業の案内をお願いします,200,3.14では、幼児から高校生まで幅広い年齢層に対応した多様なコースを提供しています。幼児向けには東京ISや脳力開発コース、小中学生向けには個別指導3.14、高校生向けには3.14ハイスクールやBrainsGymがあり、オンラインコースも展開しています。,🎓 主なコース:- 幼児: 東京IS(2歳〜小4)、脳力開発コース(年長〜小6)- 小学生: 個別指導3.14(小3〜小6)- 中学生: 個別指導3.14(中1〜中3)- 高校生: 3.14ハイスクール、BrainsGym- オンライン: BrainsGym(中3〜高3),詳しい内容や各コースのカリキュラムについては、お気軽にお問い合わせください。お子様の年齢や目標に合わせて最適なコースをご案内させていただきます。,7890,성공,,2025-07-27T13:52:25.583Z,"[{""type"":""main"",""text"":""3.14では、幼児から高校生まで幅広い年齢層に対応した多様なコースを提供しています。幼児向けには東京ISや脳力開発コース、小中学生向けには個別指導3.14、高校生向けには3.14ハイスクールやBrainsGymがあり、オンラインコースも展開しています。"",""attachment"":null},{""type"":""sub"",""text"":""🎓 主なコース:\n- 幼児: 東京IS(2歳〜小4)、脳力開発コース(年長〜小6)\n- 小学生: 個別指導3.14(小3〜小6)\n- 中学生: 個別指導3.14(中1〜中3)\n- 高校生: 3.14ハイスクール、BrainsGym\n- オンライン: BrainsGym(中3〜高3)"",""attachment"":null},{""type"":""cta"",""text"":""詳しい内容や各コースのカリキュラムについては、お気軽にお問い合わせください。お子様の年齢や目標に合わせて最適なコースをご案内させていただきます。"",""attachment"":null}]"
27-2,User_S,Hyunse0001,general,開設されている授業の案内をお願いします,200,3.14では、幼児から高校生まで幅広い年齢層に対応した多様なコースを提供しています。幼児向けには東京ISや脳力開発コース、小中学生向けには個別指導3.14、高校生向けには3.14ハイスクールやBrainsGymなど、それぞれの年齢や目標に合わせた専門的なプログラムがあります。,🎓 主なコース・幼児：東京IS、脳力開発コース・小学生：個別指導3.14、脳力開発コース・中学生：個別指導3.14・高校生：3.14ハイスクール、BrainsGym・オンライン：BrainsGym（中3〜高3）,詳しい内容や各コースの特徴については、お気軽に最寄りの教室またはカウンセリング窓口にお問い合わせください。お子様に最適なコースをご提案させていただきます。,6890,성공,,2025-07-27T13:52:33.477Z,"[{""type"":""main"",""text"":""3.14では、幼児から高校生まで幅広い年齢層に対応した多様なコースを提供しています。幼児向けには東京ISや脳力開発コース、小中学生向けには個別指導3.14、高校生向けには3.14ハイスクールやBrainsGymなど、それぞれの年齢や目標に合わせた専門的なプログラムがあります。"",""attachment"":null},{""type"":""sub"",""text"":""🎓 主なコース\n・幼児：東京IS、脳力開発コース\n・小学生：個別指導3.14、脳力開発コース\n・中学生：個別指導3.14\n・高校生：3.14ハイスクール、BrainsGym\n・オンライン：BrainsGym（中3〜高3）"",""attachment"":null},{""type"":""cta"",""text"":""詳しい内容や各コースの特徴については、お気軽に最寄りの教室またはカウンセリング窓口にお問い合わせください。お子様に最適なコースをご提案させていただきます。"",""attachment"":null}]"
28,User_S,Hyunse0001,general,授業に応じた授業料の案内をお願いします,200,申し訳ございませんが、具体的な授業料の情報が確認できません。正確な情報をお伝えするため、以下のご案内をさせていただきます。,3.14では、幼児から高校生まで様々なコースをご用意しており、個別指導や脳力開発、オンライン授業など、ニーズに合わせた学習プログラムを提供しています。,具体的な授業料については、コースや学年、受講科目数によって異なりますので、お近くの教室へ直接お問い合わせいただくことをお勧めいたします。無料の個別相談も実施しておりますので、ぜひご活用ください。,6091,성공,,2025-07-27T13:52:40.569Z,"[{""type"":""main"",""text"":""申し訳ございませんが、具体的な授業料の情報が確認できません。正確な情報をお伝えするため、以下のご案内をさせていただきます。"",""attachment"":null},{""type"":""sub"",""text"":""3.14では、幼児から高校生まで様々なコースをご用意しており、個別指導や脳力開発、オンライン授業など、ニーズに合わせた学習プログラムを提供しています。"",""attachment"":null},{""type"":""cta"",""text"":""具体的な授業料については、コースや学年、受講科目数によって異なりますので、お近くの教室へ直接お問い合わせいただくことをお勧めいたします。無料の個別相談も実施しておりますので、ぜひご活用ください。"",""attachment"":null}]"
29,User_S,Hyunse0001,general,学校でパズルに通っていますが、他の教室でレプトンを受講することはできますか？,200,3.14では、パズル道場DXとLeptonの両方のコースを提供しており、別々の教室で受講することが可能です。,,詳しい受講方法や時間割については、お電話（0120-876-314）にてご相談いただけますので、お気軽にお問い合わせください。,4455,성공,,2025-07-27T13:52:57.107Z,"[{""type"":""main"",""text"":""3.14では、パズル道場DXとLeptonの両方のコースを提供しており、別々の教室で受講することが可能です。"",""attachment"":null},{""type"":""cta"",""text"":""詳しい受講方法や時間割については、お電話（0120-876-314）にてご相談いただけますので、お気軽にお問い合わせください。"",""attachment"":null}]"
30-1,User_S,Hyunse0001,general,口座振替依頼書は直接金融機関の窓口に提出してもよろしいですか？,200,3.14の口座振替に関するご質問ありがとうございます。,口座振替依頼書は、金融機関の窓口に直接提出していただくことが可能です。ただし、手続きの確実性を高めるため、できましたら教室スタッフを通じてご提出いただくことをお勧めしております。,ご不明な点がございましたら、通塾中の教室スタッフまでお気軽にお問い合わせください。また、口座振替に関する詳しい手続きについても、教室でご案内させていただきます。,3798,성공,,2025-07-27T13:53:01.907Z,"[{""type"":""main"",""text"":""3.14の口座振替に関するご質問ありがとうございます。"",""attachment"":null},{""type"":""sub"",""text"":""口座振替依頼書は、金融機関の窓口に直接提出していただくことが可能です。ただし、手続きの確実性を高めるため、できましたら教室スタッフを通じてご提出いただくことをお勧めしております。"",""attachment"":null},{""type"":""cta"",""text"":""ご不明な点がございましたら、通塾中の教室スタッフまでお気軽にお問い合わせください。また、口座振替に関する詳しい手続きについても、教室でご案内させていただきます。"",""attachment"":null}]"
30-2,User_S,Hyunse0001,general,口座振替依頼書は直接金融機関の窓口に提出してもよろしいですか？,200,3.14の口座振替に関するご質問ありがとうございます。,口座振替依頼書は、金融機関の窓口に直接提出していただくことが可能です。ただし、教室への提出用の控えも必要となりますので、必ず2部作成していただくようお願いいたします。,ご不明な点がございましたら、通塾されている教室のスタッフまでお気軽にお問い合わせください。手続きのサポートをさせていただきます。,3764,성공,,2025-07-27T13:53:06.674Z,"[{""type"":""main"",""text"":""3.14の口座振替に関するご質問ありがとうございます。"",""attachment"":null},{""type"":""sub"",""text"":""口座振替依頼書は、金融機関の窓口に直接提出していただくことが可能です。ただし、教室への提出用の控えも必要となりますので、必ず2部作成していただくようお願いいたします。"",""attachment"":null},{""type"":""cta"",""text"":""ご不明な点がございましたら、通塾されている教室のスタッフまでお気軽にお問い合わせください。手続きのサポートをさせていただきます。"",""attachment"":null}]"
31,User_S,Hyunse0001,general,口座振替依頼書を提出すると、どのくらいで引き落としが開始されますか？,200,3.14では、口座振替の手続きについて、提出から引き落とし開始まで通常1〜2ヶ月程度かかります。手続きが完了するまでは、口座振替以外の方法でのお支払いをお願いしております。,,ご不明な点がございましたら、通われている教室のスタッフまでお気軽にご相談ください。お手続きのサポートをさせていただきます。,4013,성공,,2025-07-27T13:53:11.689Z,"[{""type"":""main"",""text"":""3.14では、口座振替の手続きについて、提出から引き落とし開始まで通常1〜2ヶ月程度かかります。手続きが完了するまでは、口座振替以外の方法でのお支払いをお願いしております。"",""attachment"":null},{""type"":""cta"",""text"":""ご不明な点がございましたら、通われている教室のスタッフまでお気軽にご相談ください。お手続きのサポートをさせていただきます。"",""attachment"":null}]"
32,User_S,Hyunse0001,general,引き落とし口座を変更したいのですが、可能ですか？,200,3.14の口座変更について、ご案内させていただきます。,口座変更は可能です。お手続きには、新しい口座の情報と口座振替依頼書のご記入が必要となります。お通いの教室にて手続きを承りますので、通帳とお届け印をご持参ください。,詳しい手続き方法やご不明な点がございましたら、お通いの教室のスタッフまでお気軽にお問い合わせください。教室での手続きをスムーズに進めさせていただきます。,5859,성공,,2025-07-27T13:53:18.551Z,"[{""type"":""main"",""text"":""3.14の口座変更について、ご案内させていただきます。"",""attachment"":null},{""type"":""sub"",""text"":""口座変更は可能です。お手続きには、新しい口座の情報と口座振替依頼書のご記入が必要となります。お通いの教室にて手続きを承りますので、通帳とお届け印をご持参ください。"",""attachment"":null},{""type"":""cta"",""text"":""詳しい手続き方法やご不明な点がございましたら、お通いの教室のスタッフまでお気軽にお問い合わせください。教室での手続きをスムーズに進めさせていただきます。"",""attachment"":null}]"
33,User_S,Hyunse0001,general,授業料の支払いが遅れて、家に督促状が届きましたが、すでに支払いはしています。,200,3.14の授業料に関するお問い合わせ、ご心配をおかけして申し訳ございません。支払い済みにも関わらず督促状が届いてしまい、ご不安な思いをされたことと存じます。,🏫 対応方法：・お電話（0120-876-314）にてご連絡ください・お支払いの際の領収書やお振込み控えをご用意ください・通われているスクールの室長にも直接ご相談いただけます,ご不明な点がございましたら、お気軽にお電話（0120-876-314）までお問い合わせください。事務局にて早急に確認させていただきます。,6035,성공,,2025-07-27T13:53:25.589Z,"[{""type"":""main"",""text"":""3.14の授業料に関するお問い合わせ、ご心配をおかけして申し訳ございません。支払い済みにも関わらず督促状が届いてしまい、ご不安な思いをされたことと存じます。"",""attachment"":null},{""type"":""sub"",""text"":""🏫 対応方法：\n・お電話（0120-876-314）にてご連絡ください\n・お支払いの際の領収書やお振込み控えをご用意ください\n・通われているスクールの室長にも直接ご相談いただけます"",""attachment"":null},{""type"":""cta"",""text"":""ご不明な点がございましたら、お気軽にお電話（0120-876-314）までお問い合わせください。事務局にて早急に確認させていただきます。"",""attachment"":null}]"
34,User_S,Hyunse0001,general,札幌練成会に通っていますが、3.14の体験は受けることができますか？,200,3.14コミュニティでは、練成会グループの一員として、練成会に通われている生徒さんも体験授業を受けていただくことが可能です。,体験授業では、生徒さんの現在の学力を把握させていただき、最適な学習プランをご提案いたします。合否を決めるようなテストはございませんので、ご安心ください。,まずは、お近くの教室で無料の体験授業やカウンセリングを受けていただくことをおすすめいたします。お気軽にご相談ください。,3813,성공,,2025-07-27T13:53:30.413Z,"[{""type"":""main"",""text"":""3.14コミュニティでは、練成会グループの一員として、練成会に通われている生徒さんも体験授業を受けていただくことが可能です。"",""attachment"":null},{""type"":""sub"",""text"":""体験授業では、生徒さんの現在の学力を把握させていただき、最適な学習プランをご提案いたします。合否を決めるようなテストはございませんので、ご安心ください。"",""attachment"":null},{""type"":""cta"",""text"":""まずは、お近くの教室で無料の体験授業やカウンセリングを受けていただくことをおすすめいたします。お気軽にご相談ください。"",""attachment"":null}]"
35,User_S,Hyunse0001,general,私立中学に通っています,200,3.14では、私立中学生向けの個別指導コースを提供しており、生徒一人一人の学習進度や目標に合わせた指導を行っています。,🏫 コース内容・個別の学習計画作成・学校の定期テスト対策・受験に向けた特別指導・苦手科目の克服サポート,まずは無料の体験授業や個別相談で、お子様の現状と目標についてご相談いただけます。詳しい情報や日程調整をご希望の場合は、お気軽にお問い合わせください。,5917,성공,,2025-07-27T13:53:37.333Z,"[{""type"":""main"",""text"":""3.14では、私立中学生向けの個別指導コースを提供しており、生徒一人一人の学習進度や目標に合わせた指導を行っています。"",""attachment"":null},{""type"":""sub"",""text"":""🏫 コース内容\n・個別の学習計画作成\n・学校の定期テスト対策\n・受験に向けた特別指導\n・苦手科目の克服サポート"",""attachment"":null},{""type"":""cta"",""text"":""まずは無料の体験授業や個別相談で、お子様の現状と目標についてご相談いただけます。詳しい情報や日程調整をご希望の場合は、お気軽にお問い合わせください。"",""attachment"":null}]"
36,User_S,Hyunse0001,general,クレファスはどのようなプログラムですか？,200,申し訳ございませんが、クレファスの一般的なプログラム内容については確実な情報を持ち合わせておりません。クレファス琴似校に関する以下の情報のみお伝えできます：,申し訳ございませんが、クレファスの一般的なプログラム内容については確実な情報を持ち合わせておりません。クレファス琴似校に関する以下の情報のみお伝えできます：3.14クレファス琴似校では、個別最適化されたカリキュラムを提供し、思考力・表現力講座やロボットプログラミングなど、特色のある学習プログラムを実施しています。🎓 主な特徴・個別の面談コーチングによるモチベーション向上・ロボット製作とプログラミング学習・思考力・表現力を重視した講座・自主性を重視した指導方針・無料の自習スペース完備より詳しいプログラムの内容については、直接クレファス琴似校にお問い合わせいただくことをお勧めいたします。,より詳しいプログラムの内容については、直接クレファス琴似校にお問い合わせいただくことをお勧めいたします。,7344,성공,,2025-07-27T13:53:45.688Z,"[{""type"":""main"",""text"":""申し訳ございませんが、クレファスの一般的なプログラム内容については確実な情報を持ち合わせておりません。クレファス琴似校に関する以下の情報のみお伝えできます："",""attachment"":null},{""type"":""sub"",""text"":""申し訳ございませんが、クレファスの一般的なプログラム内容については確実な情報を持ち合わせておりません。クレファス琴似校に関する以下の情報のみお伝えできます：\n3.14クレファス琴似校では、個別最適化されたカリキュラムを提供し、思考力・表現力講座やロボットプログラミングなど、特色のある学習プログラムを実施しています。\n🎓 主な特徴\n・個別の面談コーチングによるモチベーション向上\n・ロボット製作とプログラミング学習\n・思考力・表現力を重視した講座\n・自主性を重視した指導方針\n・無料の自習スペース完備\nより詳しいプログラムの内容については、直接クレファス琴似校にお問い合わせいただくことをお勧めいたします。"",""attachment"":null},{""type"":""cta"",""text"":""より詳しいプログラムの内容については、直接クレファス琴似校にお問い合わせいただくことをお勧めいたします。"",""attachment"":null}]"
37-1,User_S,Hyunse0001,general,クレファスは週に何回通いますか？,200,申し訳ございませんが、3.14琴似校の週間通塾回数に関する具体的な情報は確認できません。,,詳しい通塾スケジュールについては、お電話やご来校にて直接お問い合わせいただけますと幸いです。個別のご要望に合わせてご相談させていただきます。,4852,성공,,2025-07-27T13:53:51.578Z,"[{""type"":""main"",""text"":""申し訳ございませんが、3.14琴似校の週間通塾回数に関する具体的な情報は確認できません。"",""attachment"":null},{""type"":""cta"",""text"":""詳しい通塾スケジュールについては、お電話やご来校にて直接お問い合わせいただけますと幸いです。個別のご要望に合わせてご相談させていただきます。"",""attachment"":null}]"
37-2,User_S,Hyunse0001,general,クレファスは週に何回通いますか？,200,申し訳ございませんが、3.14琴似校の週間通塾回数に関する具体的な情報は確認できません。,,詳しい通塾スケジュールについては、お電話やメール、または直接校舎にお問い合わせいただくことをお勧めいたします。個々の生徒さんに合わせて最適な通塾プランをご提案させていただきます。,5295,성공,,2025-07-27T13:53:57.876Z,"[{""type"":""main"",""text"":""申し訳ございませんが、3.14琴似校の週間通塾回数に関する具体的な情報は確認できません。"",""attachment"":null},{""type"":""cta"",""text"":""詳しい通塾スケジュールについては、お電話やメール、または直接校舎にお問い合わせいただくことをお勧めいたします。個々の生徒さんに合わせて最適な通塾プランをご提案させていただきます。"",""attachment"":null}]"
38,User_S,Hyunse0001,general,レプトンはどのようなプログラムですか？,200,3.14のレプトンは、年長から小学6年生を対象とした、英語4技能（聞く・話す・読む・書く）をバランスよく習得できる個別指導型の英語教室です。,どのレベルからでも気軽に始められる特徴があり、グローバル社会で活躍したい方や英語力を楽しく身につけたい方におすすめのプログラムです。,詳しい授業内容や料金プランについて、お気軽にお問い合わせください。体験レッスンもご用意しております。,4610,성공,,2025-07-27T13:54:03.489Z,"[{""type"":""main"",""text"":""3.14のレプトンは、年長から小学6年生を対象とした、英語4技能（聞く・話す・読む・書く）をバランスよく習得できる個別指導型の英語教室です。"",""attachment"":null},{""type"":""sub"",""text"":""どのレベルからでも気軽に始められる特徴があり、グローバル社会で活躍したい方や英語力を楽しく身につけたい方におすすめのプログラムです。"",""attachment"":null},{""type"":""cta"",""text"":""詳しい授業内容や料金プランについて、お気軽にお問い合わせください。体験レッスンもご用意しております。"",""attachment"":null}]"
39,User_S,Hyunse0001,general,実際にはネイティブの先生が教えてくれる授業ですか？,200,3.14の英語指導に関する具体的な講師情報については、提供された情報からは確認できかねます。,,お手数ですが、詳しい英語指導体制については、直接3.14にお問い合わせいただくことをお勧めいたします。カリキュラムや講師陣について、より正確な情報をお伝えできるかと存じます。,4946,성공,,2025-07-27T13:54:09.436Z,"[{""type"":""main"",""text"":""3.14の英語指導に関する具体的な講師情報については、提供された情報からは確認できかねます。"",""attachment"":null},{""type"":""cta"",""text"":""お手数ですが、詳しい英語指導体制については、直接3.14にお問い合わせいただくことをお勧めいたします。カリキュラムや講師陣について、より正確な情報をお伝えできるかと存じます。"",""attachment"":null}]"
40,User_S,Hyunse0001,general,パズル道場はどのようなプログラムですか？,200,3.14のパズル道場は、口コミによると数学の基礎力を育てる学習プログラムで、小学生から始めることで中学数学への接続がスムーズになるとの評価をいただいています。,実際に、パズル道場を小学生の時から受講していた生徒さんは、中学での数学がスムーズに学習でき、高校の内容まで先取り学習ができるようになったという成果が報告されています。,詳しい学習内容やカリキュラムについては、無料体験授業や個別相談で詳しくご説明させていただきますので、お気軽にお問い合わせください。,6275,성공,,2025-07-27T13:54:16.714Z,"[{""type"":""main"",""text"":""3.14のパズル道場は、口コミによると数学の基礎力を育てる学習プログラムで、小学生から始めることで中学数学への接続がスムーズになるとの評価をいただいています。"",""attachment"":null},{""type"":""sub"",""text"":""実際に、パズル道場を小学生の時から受講していた生徒さんは、中学での数学がスムーズに学習でき、高校の内容まで先取り学習ができるようになったという成果が報告されています。"",""attachment"":null},{""type"":""cta"",""text"":""詳しい学習内容やカリキュラムについては、無料体験授業や個別相談で詳しくご説明させていただきますので、お気軽にお問い合わせください。"",""attachment"":null}]"
41,User_S,Hyunse0001,general,ゼロはどのような授業ですか？,200,3.14では、年齢や目的に応じて様々なコースを提供しています。小学生・中学生向けの個別指導、幼児向けの脳力開発、高校生向けの受験対策など、それぞれのニーズに合わせた指導を行っています。,,ご興味のある具体的なコースやお子様の学年をお聞かせいただければ、より詳しい情報をご案内させていただきます。,5913,성공,,2025-07-27T13:54:23.631Z,"[{""type"":""main"",""text"":""3.14では、年齢や目的に応じて様々なコースを提供しています。小学生・中学生向けの個別指導、幼児向けの脳力開発、高校生向けの受験対策など、それぞれのニーズに合わせた指導を行っています。"",""attachment"":null},{""type"":""cta"",""text"":""ご興味のある具体的なコースやお子様の学年をお聞かせいただければ、より詳しい情報をご案内させていただきます。"",""attachment"":null}]"
42,User_S,Hyunse0001,general,先生は何名の生徒を指導していますか？,200,3.14では、1人の生徒に対してAI講師(atama+)と実在する講師の2人体制で指導を行っています。完全な個別指導制を採用しており、生徒一人ひとりに合わせた最適な学習カリキュラムを提供しています。,,ご興味がありましたら、無料の体験授業もご用意しておりますので、お気軽にお問い合わせください。実際の授業の雰囲気や指導方法を体験していただけます。,3315,성공,,2025-07-27T13:54:27.948Z,"[{""type"":""main"",""text"":""3.14では、1人の生徒に対してAI講師(atama+)と実在する講師の2人体制で指導を行っています。完全な個別指導制を採用しており、生徒一人ひとりに合わせた最適な学習カリキュラムを提供しています。"",""attachment"":null},{""type"":""cta"",""text"":""ご興味がありましたら、無料の体験授業もご用意しておりますので、お気軽にお問い合わせください。実際の授業の雰囲気や指導方法を体験していただけます。"",""attachment"":null}]"
43,User_S,Hyunse0001,general,どのような先生が教えてくださいますか？,200,3.14では、生徒一人ひとりの学習進度や理解度に合わせて、経験豊富な講師陣が丁寧に指導いたします。講師は全員が厳しい採用基準と研修を経て、生徒の「自ら学ぶ力」を育てることを重視しています。,,具体的な講師陣や指導方針については、お近くの教室で詳しくご説明させていただきますので、お気軽にお問い合わせください。ご希望の教室をお伺いできれば、より詳しい情報をご案内できます。,4440,성공,,2025-07-27T13:54:33.391Z,"[{""type"":""main"",""text"":""3.14では、生徒一人ひとりの学習進度や理解度に合わせて、経験豊富な講師陣が丁寧に指導いたします。講師は全員が厳しい採用基準と研修を経て、生徒の「自ら学ぶ力」を育てることを重視しています。"",""attachment"":null},{""type"":""cta"",""text"":""具体的な講師陣や指導方針については、お近くの教室で詳しくご説明させていただきますので、お気軽にお問い合わせください。ご希望の教室をお伺いできれば、より詳しい情報をご案内できます。"",""attachment"":null}]"
44,User_S,Hyunse0001,general,どのような定期試験対策を実施していますか？,200,3.14では、生徒一人ひとりの学校の定期テスト範囲に合わせた個別カリキュラムを作成し、徹底的な対策を行っています。担任講師と教科講師が連携して、過去問分析や弱点補強を実施します。,テスト2週間前からは、学校別の過去問演習や単元別の確認テストを実施し、得点力を高めていきます。また、自習スペースでは、講師が常駐して質問にいつでも対応できる体制を整えています。,定期テスト対策について、より詳しい内容や実際の指導方法についてお知りになりたい場合は、ぜひ一度無料の個別相談にお越しください。実際の教材をご覧いただきながら、具体的なご説明をさせていただきます。,6994,성공,,2025-07-27T13:54:41.387Z,"[{""type"":""main"",""text"":""3.14では、生徒一人ひとりの学校の定期テスト範囲に合わせた個別カリキュラムを作成し、徹底的な対策を行っています。担任講師と教科講師が連携して、過去問分析や弱点補強を実施します。"",""attachment"":null},{""type"":""sub"",""text"":""テスト2週間前からは、学校別の過去問演習や単元別の確認テストを実施し、得点力を高めていきます。また、自習スペースでは、講師が常駐して質問にいつでも対応できる体制を整えています。"",""attachment"":null},{""type"":""cta"",""text"":""定期テスト対策について、より詳しい内容や実際の指導方法についてお知りになりたい場合は、ぜひ一度無料の個別相談にお越しください。実際の教材をご覧いただきながら、具体的なご説明をさせていただきます。"",""attachment"":null}]"
45,User_S,Hyunse0001,general,1回の授業は何分ですか？また、授業の追加はできますか？,200,3.14では、1回の授業は50分間で、中学生2科目コースの場合は月16回(800分)が標準となっています。テスト前などは授業の追加が可能で、追加費用は発生しません。,,ご不明な点がございましたら、お気軽に各教室までお問い合わせください。また、実際の授業の様子を見学していただくことも可能です。,3806,성공,,2025-07-27T13:54:46.197Z,"[{""type"":""main"",""text"":""3.14では、1回の授業は50分間で、中学生2科目コースの場合は月16回(800分)が標準となっています。テスト前などは授業の追加が可能で、追加費用は発生しません。"",""attachment"":null},{""type"":""cta"",""text"":""ご不明な点がございましたら、お気軽に各教室までお問い合わせください。また、実際の授業の様子を見学していただくことも可能です。"",""attachment"":null}]"
46-1,User_S,Hyunse0001,general,授業時間と曜日は決まっていますか？,200,3.14では、基本的な時間割は設定されていますが、生徒さん一人一人の部活動や習い事などの状況に応じて柔軟に対応することが可能です。授業時間は1回50分で、教室によって開校時間が異なります。,,ご希望の曜日や時間帯がありましたら、お近くの教室にご相談ください。時間割の調整について、丁寧にご説明させていただきます。,3969,성공,,2025-07-27T13:54:51.169Z,"[{""type"":""main"",""text"":""3.14では、基本的な時間割は設定されていますが、生徒さん一人一人の部活動や習い事などの状況に応じて柔軟に対応することが可能です。授業時間は1回50分で、教室によって開校時間が異なります。"",""attachment"":null},{""type"":""cta"",""text"":""ご希望の曜日や時間帯がありましたら、お近くの教室にご相談ください。時間割の調整について、丁寧にご説明させていただきます。"",""attachment"":null}]"
46-2,User_S,Hyunse0001,general,授業時間と曜日は決まっていますか？,200,3.14では、基本的な時間割は設定されていますが、生徒一人ひとりの部活動や習い事などの状況に応じて柔軟に対応することが可能です。授業は1回50分で、教室によって開校時間が異なります。,,ご希望の曜日や時間帯がございましたら、お近くの教室にご相談ください。時間割の調整や具体的な開校時間については、教室のスタッフが丁寧にご説明させていただきます。,5359,성공,,2025-07-27T13:54:57.529Z,"[{""type"":""main"",""text"":""3.14では、基本的な時間割は設定されていますが、生徒一人ひとりの部活動や習い事などの状況に応じて柔軟に対応することが可能です。授業は1回50分で、教室によって開校時間が異なります。"",""attachment"":null},{""type"":""cta"",""text"":""ご希望の曜日や時間帯がございましたら、お近くの教室にご相談ください。時間割の調整や具体的な開校時間については、教室のスタッフが丁寧にご説明させていただきます。"",""attachment"":null}]"
47-1,User_S,Hyunse0001,general,振替授業をすることはできますか？,200,3.14では、前日までのご連絡をいただければ振替授業を実施することが可能です。当日のご連絡の場合は振替授業の対応ができかねますのでご了承ください。,,ご不明な点がございましたら、お気軽に教室スタッフまでお問い合わせください。また、振替授業の具体的な日時については、通われている教室にて調整させていただきます。,3343,성공,,2025-07-27T13:55:01.875Z,"[{""type"":""main"",""text"":""3.14では、前日までのご連絡をいただければ振替授業を実施することが可能です。当日のご連絡の場合は振替授業の対応ができかねますのでご了承ください。"",""attachment"":null},{""type"":""cta"",""text"":""ご不明な点がございましたら、お気軽に教室スタッフまでお問い合わせください。また、振替授業の具体的な日時については、通われている教室にて調整させていただきます。"",""attachment"":null}]"
47-2,User_S,Hyunse0001,general,振替授業をすることはできますか？,200,3.14では、前日までのご連絡をいただければ振替授業を実施することが可能です。当日のご連絡の場合は振替授業の対応ができかねますのでご了承ください。,,ご不明な点がございましたら、お気軽に教室スタッフまでお問い合わせください。また、振替授業の具体的な日時については、通われている教室にて調整させていただきます。,3812,성공,,2025-07-27T13:55:06.691Z,"[{""type"":""main"",""text"":""3.14では、前日までのご連絡をいただければ振替授業を実施することが可能です。当日のご連絡の場合は振替授業の対応ができかねますのでご了承ください。"",""attachment"":null},{""type"":""cta"",""text"":""ご不明な点がございましたら、お気軽に教室スタッフまでお問い合わせください。また、振替授業の具体的な日時については、通われている教室にて調整させていただきます。"",""attachment"":null}]"
48,User_S,Hyunse0001,general,自習スペースはありますか？また、利用する場合は有料ですか？,200,3.14では、全教室に自習スペースを完備しており、通常授業を受講している生徒は無料で利用することができます。また、オンラインの自習システムも利用可能です。,,ご利用方法や各教室の自習スペースの詳細については、お近くの教室にお気軽にお問い合わせください。教室検索をお手伝いさせていただきますので、お住まいの地域をお知らせいただけますと幸いです。,3257,성공,,2025-07-27T13:55:10.949Z,"[{""type"":""main"",""text"":""3.14では、全教室に自習スペースを完備しており、通常授業を受講している生徒は無料で利用することができます。また、オンラインの自習システムも利用可能です。"",""attachment"":null},{""type"":""cta"",""text"":""ご利用方法や各教室の自習スペースの詳細については、お近くの教室にお気軽にお問い合わせください。教室検索をお手伝いさせていただきますので、お住まいの地域をお知らせいただけますと幸いです。"",""attachment"":null}]"
49,User_S,Hyunse0001,general,わからない部分の質問などはできますか？,200,3.14では、生徒一人ひとりの「わからない」を大切にし、質問しやすい環境づくりを心がけています。授業中はもちろん、自習時も先生に質問できる体制を整えています。,🎓 学習サポート・授業中・自習時の質問対応・自学力・習慣力の育成重視・主体的に学習できる力の養成・オンライン自習システムでの学習支援,ぜひ、わからないことはその場で質問してください。「わからない」という気づきは、学習の大切な一歩です。先生たちが丁寧にサポートさせていただきます。,4693,성공,,2025-07-27T13:55:16.644Z,"[{""type"":""main"",""text"":""3.14では、生徒一人ひとりの「わからない」を大切にし、質問しやすい環境づくりを心がけています。授業中はもちろん、自習時も先生に質問できる体制を整えています。"",""attachment"":null},{""type"":""sub"",""text"":""🎓 学習サポート\n・授業中・自習時の質問対応\n・自学力・習慣力の育成重視\n・主体的に学習できる力の養成\n・オンライン自習システムでの学習支援"",""attachment"":null},{""type"":""cta"",""text"":""ぜひ、わからないことはその場で質問してください。「わからない」という気づきは、学習の大切な一歩です。先生たちが丁寧にサポートさせていただきます。"",""attachment"":null}]"
50,User_S,Hyunse0001,general,公立中学校と私立中学校では授業内容と進度が違いますが、対応していただけますか？,200,3.14では、生徒一人ひとりの学校の進度や学習状況に合わせた完全オーダーメイドのカリキュラムを提供しています。公立・私立を問わず、それぞれの学校の授業進度や教科書に合わせた指導を行っています。,,ぜひ一度、お近くの教室で詳しい説明を聞いてみませんか？教室によって開校時間が異なりますので、お気軽にお問い合わせください。,3887,성공,,2025-07-27T13:55:21.532Z,"[{""type"":""main"",""text"":""3.14では、生徒一人ひとりの学校の進度や学習状況に合わせた完全オーダーメイドのカリキュラムを提供しています。公立・私立を問わず、それぞれの学校の授業進度や教科書に合わせた指導を行っています。"",""attachment"":null},{""type"":""cta"",""text"":""ぜひ一度、お近くの教室で詳しい説明を聞いてみませんか？教室によって開校時間が異なりますので、お気軽にお問い合わせください。"",""attachment"":null}]"
51,User_S,Hyunse0001,general,授業で使用する教材は自分で準備しますか？,200,3.14では、すべての教材を塾側で用意しており、生徒様が個別に教材を購入したり準備したりする必要はございません。また、一人ひとりの学力や目標に合わせて最適な教材を選定させていただいております。,,ご不明な点がございましたら、お気軽に各教室までお問い合わせください。また、無料の体験授業では実際の教材をご覧いただくことも可能です。,3287,성공,,2025-07-27T13:55:25.825Z,"[{""type"":""main"",""text"":""3.14では、すべての教材を塾側で用意しており、生徒様が個別に教材を購入したり準備したりする必要はございません。また、一人ひとりの学力や目標に合わせて最適な教材を選定させていただいております。"",""attachment"":null},{""type"":""cta"",""text"":""ご不明な点がございましたら、お気軽に各教室までお問い合わせください。また、無料の体験授業では実際の教材をご覧いただくことも可能です。"",""attachment"":null}]"
52,User_S,Hyunse0001,general,宿題はたくさん出ますか？,200,3.14では、生徒一人ひとりの学力や目標に合わせて、最適な量と内容の宿題を提供しています。無理のない範囲で、確実な学力向上につながる宿題を設定します。,,ご不安な点がございましたら、まずは無料の体験授業やカウンセリングでご相談ください。担当講師が丁寧にご説明させていただきます。,3005,성공,,2025-07-27T13:55:29.832Z,"[{""type"":""main"",""text"":""3.14では、生徒一人ひとりの学力や目標に合わせて、最適な量と内容の宿題を提供しています。無理のない範囲で、確実な学力向上につながる宿題を設定します。"",""attachment"":null},{""type"":""cta"",""text"":""ご不安な点がございましたら、まずは無料の体験授業やカウンセリングでご相談ください。担当講師が丁寧にご説明させていただきます。"",""attachment"":null}]"
53-1,User_S,Hyunse0001,general,成績があまり良くないのですが、入会テストはありますか？,200,3.14では、合否を決めるような入会テストは一切実施していません。その代わりに、お子様の現在の学力を正確に把握し、最適な学習プランを立てるための体験授業を実施させていただいております。,,ご安心ください。3.14は一人ひとりの生徒さんに寄り添い、その子に合った指導方法で確実に成績アップを目指します。まずは無料の体験授業にお気軽にご参加ください。体験授業では、現在の学習状況や目標についてもじっくりとお話を伺わせていただきます。,5022,성공,,2025-07-27T13:55:35.858Z,"[{""type"":""main"",""text"":""3.14では、合否を決めるような入会テストは一切実施していません。その代わりに、お子様の現在の学力を正確に把握し、最適な学習プランを立てるための体験授業を実施させていただいております。"",""attachment"":null},{""type"":""cta"",""text"":""ご安心ください。3.14は一人ひとりの生徒さんに寄り添い、その子に合った指導方法で確実に成績アップを目指します。まずは無料の体験授業にお気軽にご参加ください。体験授業では、現在の学習状況や目標についてもじっくりとお話を伺わせていただきます。"",""attachment"":null}]"
53-2,User_S,Hyunse0001,general,成績があまり良くないのですが、入会テストはありますか？,200,3.14では、合否を決めるような入会テストは一切実施していません。その代わりに、お子様の現在の学力を正確に把握し、最適な学習プランを立てるための体験授業を実施させていただいております。,,ご安心ください。3.14は、成績に関係なく、「学ぶ意欲」を大切にしています。まずは無料の体験授業やカウンセリングを通じて、お子様の目標や学習状況についてじっくりとお話させていただければと思います。お気軽にお近くの教室へお問い合わせください。,4097,성공,,2025-07-27T13:55:40.957Z,"[{""type"":""main"",""text"":""3.14では、合否を決めるような入会テストは一切実施していません。その代わりに、お子様の現在の学力を正確に把握し、最適な学習プランを立てるための体験授業を実施させていただいております。"",""attachment"":null},{""type"":""cta"",""text"":""ご安心ください。3.14は、成績に関係なく、「学ぶ意欲」を大切にしています。まずは無料の体験授業やカウンセリングを通じて、お子様の目標や学習状況についてじっくりとお話させていただければと思います。お気軽にお近くの教室へお問い合わせください。"",""attachment"":null}]"
54-1,User_S,Hyunse0001,general,授業料はどのように支払えばよいですか？,200,3.14では、授業料のお支払いは銀行口座からの自動引き落としとなっており、毎月27日に翌月分の授業料が引き落とされます。初回のみ、入会金と初月分の授業料を現金でお支払いいただきます。,,ご不明な点がございましたら、お気軽に各教室のスタッフまでお問い合わせください。また、具体的な授業料については、お通いになる教室やコースによって異なりますので、詳しい情報をお知りになりたい場合はお申し付けください。,3995,성공,,2025-07-27T13:55:45.954Z,"[{""type"":""main"",""text"":""3.14では、授業料のお支払いは銀行口座からの自動引き落としとなっており、毎月27日に翌月分の授業料が引き落とされます。初回のみ、入会金と初月分の授業料を現金でお支払いいただきます。"",""attachment"":null},{""type"":""cta"",""text"":""ご不明な点がございましたら、お気軽に各教室のスタッフまでお問い合わせください。また、具体的な授業料については、お通いになる教室やコースによって異なりますので、詳しい情報をお知りになりたい場合はお申し付けください。"",""attachment"":null}]"
54-2,User_S,Hyunse0001,general,授業料はどのように支払えばよいですか？,200,3.14では、授業料のお支払いは銀行口座からの自動引き落としとなっており、毎月27日に翌月分の授業料が引き落とされます。初回のみ、入会金と初月分の授業料を現金でお支払いいただきます。,,ご不明な点がございましたら、お気軽に各教室のスタッフまでお問い合わせください。また、具体的な授業料については、コースや通学回数によって異なりますので、詳しくお知りになりたい場合はお申し付けください。,4578,성공,,2025-07-27T13:55:51.534Z,"[{""type"":""main"",""text"":""3.14では、授業料のお支払いは銀行口座からの自動引き落としとなっており、毎月27日に翌月分の授業料が引き落とされます。初回のみ、入会金と初月分の授業料を現金でお支払いいただきます。"",""attachment"":null},{""type"":""cta"",""text"":""ご不明な点がございましたら、お気軽に各教室のスタッフまでお問い合わせください。また、具体的な授業料については、コースや通学回数によって異なりますので、詳しくお知りになりたい場合はお申し付けください。"",""attachment"":null}]"
55,User_S,Hyunse0001,general,年度途中からの入会は可能ですか？,200,3.14では、年度途中からでも随時入会を受け付けております。生徒一人ひとりの学習進度や目標に合わせて個別カリキュラムを作成し、スムーズに学習をスタートできる体制を整えています。,,ぜひ一度、無料の体験授業にお越しください。その際に、現在の学習状況や目標についてもご相談させていただきます。お気軽にお問い合わせください。,3702,성공,,2025-07-27T13:55:56.237Z,"[{""type"":""main"",""text"":""3.14では、年度途中からでも随時入会を受け付けております。生徒一人ひとりの学習進度や目標に合わせて個別カリキュラムを作成し、スムーズに学習をスタートできる体制を整えています。"",""attachment"":null},{""type"":""cta"",""text"":""ぜひ一度、無料の体験授業にお越しください。その際に、現在の学習状況や目標についてもご相談させていただきます。お気軽にお問い合わせください。"",""attachment"":null}]"
56,User_S,Hyunse0001,general,私の成績がまとめられた資料をいただきたいです,200,成績資料のご依頼について、以下のご案内をさせていただきます。,3.14コミュニティでは、生徒様の成績資料につきましては、各教室で直接お渡しさせていただいております。また、保護者様からのご依頼の場合は、個人情報保護の観点から、ご本人様確認をさせていただく必要がございます。,お手数ですが、フリーダイヤル（0120-876-314）までお電話いただくか、通われている教室の担当講師までお申し付けください。受付時間は10:00～19:00（月〜土）となっております。,4292,성공,,2025-07-27T13:56:01.532Z,"[{""type"":""main"",""text"":""成績資料のご依頼について、以下のご案内をさせていただきます。"",""attachment"":null},{""type"":""sub"",""text"":""3.14コミュニティでは、生徒様の成績資料につきましては、各教室で直接お渡しさせていただいております。また、保護者様からのご依頼の場合は、個人情報保護の観点から、ご本人様確認をさせていただく必要がございます。"",""attachment"":null},{""type"":""cta"",""text"":""お手数ですが、フリーダイヤル（0120-876-314）までお電話いただくか、通われている教室の担当講師までお申し付けください。受付時間は10:00～19:00（月〜土）となっております。"",""attachment"":null}]"
57,User_S,Hyunse0001,general,私の成績が分析された内容を知りたいです,200,申し訳ございませんが、個人の成績分析情報にはアクセスできません。,3.14では、生徒一人ひとりの成績分析と学習計画の作成は、担任の先生が直接面談を通じて行っております。実際の成績データや分析結果については、プライバシー保護の観点からシステム上で確認することはできません。,まずは最寄りの校舎で無料の個別相談・体験授業をお申し込みいただければ、現在の学習状況や目標に合わせた具体的なアドバイスをさせていただきます。校舎についての詳しい情報をお知りになりたい場合は、お気軽にお申し付けください。,4277,성공,,2025-07-27T13:56:06.811Z,"[{""type"":""main"",""text"":""申し訳ございませんが、個人の成績分析情報にはアクセスできません。"",""attachment"":null},{""type"":""sub"",""text"":""3.14では、生徒一人ひとりの成績分析と学習計画の作成は、担任の先生が直接面談を通じて行っております。実際の成績データや分析結果については、プライバシー保護の観点からシステム上で確認することはできません。"",""attachment"":null},{""type"":""cta"",""text"":""まずは最寄りの校舎で無料の個別相談・体験授業をお申し込みいただければ、現在の学習状況や目標に合わせた具体的なアドバイスをさせていただきます。校舎についての詳しい情報をお知りになりたい場合は、お気軽にお申し付けください。"",""attachment"":null}]"
58,User_S,Hyunse0001,general,私が登録した塾について知りたいです。塾の紹介をしてください,200,申し訳ございません。具体的にどの塾・教室についてお知りになりたいのか、お教えいただけますでしょうか。,,3.14コミュニティには多数の教室がございますので、具体的な教室名をお伺いできましたら、詳しい情報をご案内させていただきます。教室名をご存知でない場合は、全体の概要をご案内することも可能です。,3844,성공,,2025-07-27T13:56:11.657Z,"[{""type"":""main"",""text"":""申し訳ございません。具体的にどの塾・教室についてお知りになりたいのか、お教えいただけますでしょうか。"",""attachment"":null},{""type"":""cta"",""text"":""3.14コミュニティには多数の教室がございますので、具体的な教室名をお伺いできましたら、詳しい情報をご案内させていただきます。教室名をご存知でない場合は、全体の概要をご案内することも可能です。"",""attachment"":null}]"
59,User_S,Hyunse0001,general,私たちの塾に開設された講義を知りたいです,200,3.14では、幼児から高校生まで幅広い年齢層に向けた多様なコースを提供しています。幼児向けには東京ISや脳力開発コース、小中学生向けには個別指導3.14、高校生向けには3.14ハイスクールやBrainsGymなどが開設されています。,🎓 主なコース:- 幼児: 東京IS(2歳～小4)、脳力開発コース(年長～小6)- 小学生: 個別指導3.14(小3～小6)- 中学生: 個別指導3.14(中1～中3)- 高校生: 3.14ハイスクール、BrainsGym- オンライン: BrainsGym(中3～高3),詳しい内容や各コースのカリキュラムについては、お気軽に教室スタッフにお尋ねください。お子様の目標や学習状況に合わせて最適なコースをご提案させていただきます。,7492,성공,,2025-07-27T13:56:20.151Z,"[{""type"":""main"",""text"":""3.14では、幼児から高校生まで幅広い年齢層に向けた多様なコースを提供しています。幼児向けには東京ISや脳力開発コース、小中学生向けには個別指導3.14、高校生向けには3.14ハイスクールやBrainsGymなどが開設されています。"",""attachment"":null},{""type"":""sub"",""text"":""🎓 主なコース:\n- 幼児: 東京IS(2歳～小4)、脳力開発コース(年長～小6)\n- 小学生: 個別指導3.14(小3～小6)\n- 中学生: 個別指導3.14(中1～中3)\n- 高校生: 3.14ハイスクール、BrainsGym\n- オンライン: BrainsGym(中3～高3)"",""attachment"":null},{""type"":""cta"",""text"":""詳しい内容や各コースのカリキュラムについては、お気軽に教室スタッフにお尋ねください。お子様の目標や学習状況に合わせて最適なコースをご提案させていただきます。"",""attachment"":null}]"
60,User_S,Hyunse0001,general,英語の授業を受けたいのですが、どのような講義があるか教えてください,200,3.14では、Leptonコースを通じて年長から小学6年生までのお子様に、「生きた英語」を学ぶ機会を提供しています。「聞く・話す・読む・書く」の4技能をバランスよく習得できるカリキュラムを展開しています。,世界基準の授業と経験豊富な講師陣による丁寧な個別指導で、英語を楽しみながら学べる環境を整えています。将来の受験や国際社会での活躍を見据えた実践的な英語力を養成します。,詳しい授業内容やカリキュラムについては、フリーダイヤル（0120-876-314）までお気軽にお問い合わせください。体験授業も実施していますので、実際の授業の雰囲気を体験していただくことも可能です。,7850,성공,,2025-07-27T13:56:29.004Z,"[{""type"":""main"",""text"":""3.14では、Leptonコースを通じて年長から小学6年生までのお子様に、「生きた英語」を学ぶ機会を提供しています。「聞く・話す・読む・書く」の4技能をバランスよく習得できるカリキュラムを展開しています。"",""attachment"":null},{""type"":""sub"",""text"":""世界基準の授業と経験豊富な講師陣による丁寧な個別指導で、英語を楽しみながら学べる環境を整えています。将来の受験や国際社会での活躍を見据えた実践的な英語力を養成します。"",""attachment"":null},{""type"":""cta"",""text"":""詳しい授業内容やカリキュラムについては、フリーダイヤル（0120-876-314）までお気軽にお問い合わせください。体験授業も実施していますので、実際の授業の雰囲気を体験していただくことも可能です。"",""attachment"":null}]"
61,User_S,Hyunse0001,general,私に合ったおすすめの講義を案内してください,200,3.14では、生徒一人一人に合わせた最適な講座をご提案させていただいております。まずは、どのような目標や学習段階にいらっしゃるのかをお伺いする必要がございます。,,具体的な講座のご案内をさせていただくために、以下の情報をお聞かせいただけますでしょうか？・現在の学年・目標の学校や志望校・得意/不得意な科目・現在の学習状況や課題,3668,성공,,2025-07-27T13:56:33.674Z,"[{""type"":""main"",""text"":""3.14では、生徒一人一人に合わせた最適な講座をご提案させていただいております。まずは、どのような目標や学習段階にいらっしゃるのかをお伺いする必要がございます。"",""attachment"":null},{""type"":""cta"",""text"":""具体的な講座のご案内をさせていただくために、以下の情報をお聞かせいただけますでしょうか？\n・現在の学年\n・目標の学校や志望校\n・得意/不得意な科目\n・現在の学習状況や課題"",""attachment"":null}]"
62-1,User_S,Hyunse0001,general,受講申込方法を案内してください,200,3.14では、受講のお申し込みは簡単な手順で行っていただけます。お子様に合った最適な学習プランをご提案させていただきます。,🔷 お申し込みの流れ・無料体験授業のご予約（電話またはWebフォーム）・教室見学・カウンセリング（約60分）・学習プランのご提案・入会手続き,まずは無料体験授業から始めてみませんか？お電話（0120-876-314）またはWebフォームからお気軽にお申し込みください。ご不明な点がございましたら、お気軽にお問い合わせください。,4300,성공,,2025-07-27T13:56:38.976Z,"[{""type"":""main"",""text"":""3.14では、受講のお申し込みは簡単な手順で行っていただけます。お子様に合った最適な学習プランをご提案させていただきます。"",""attachment"":null},{""type"":""sub"",""text"":""🔷 お申し込みの流れ\n・無料体験授業のご予約（電話またはWebフォーム）\n・教室見学・カウンセリング（約60分）\n・学習プランのご提案\n・入会手続き"",""attachment"":null},{""type"":""cta"",""text"":""まずは無料体験授業から始めてみませんか？お電話（0120-876-314）またはWebフォームからお気軽にお申し込みください。ご不明な点がございましたら、お気軽にお問い合わせください。"",""attachment"":null}]"
62-2,User_S,Hyunse0001,general,受講申込方法を案内してください,200,3.14では、受講のお申し込みは簡単な手順で行っていただけます。お子様に合った最適な学習プランをご提案させていただきます。,🔷 お申し込みの流れ・無料体験授業のご予約（電話またはWebフォーム）・教室見学・カウンセリング（約60分）・学習プランのご提案・入会手続き,まずは無料体験授業から始めてみませんか？お電話（0120-876-314）またはWebフォームからお気軽にお申し込みください。ご不明な点がございましたら、お気軽にお問い合わせください。,4734,성공,,2025-07-27T13:56:44.712Z,"[{""type"":""main"",""text"":""3.14では、受講のお申し込みは簡単な手順で行っていただけます。お子様に合った最適な学習プランをご提案させていただきます。"",""attachment"":null},{""type"":""sub"",""text"":""🔷 お申し込みの流れ\n・無料体験授業のご予約（電話またはWebフォーム）\n・教室見学・カウンセリング（約60分）\n・学習プランのご提案\n・入会手続き"",""attachment"":null},{""type"":""cta"",""text"":""まずは無料体験授業から始めてみませんか？お電話（0120-876-314）またはWebフォームからお気軽にお申し込みください。ご不明な点がございましたら、お気軽にお問い合わせください。"",""attachment"":null}]"
63,User_S,Hyunse0001,general,どのような授業を受けるとよいか総合的に相談したいです。案内をお願いします,200,3.14では、お子様の学年や目標に合わせて最適なコースをご提案させていただいております。幼児から高校生まで、それぞれの発達段階に応じた多様なコースをご用意しています。,🎓 コース例：・幼児：グローバルスキル育成、脳力開発・小学生：個別指導、探究型学習・中学生：定額制個別指導・高校生：進学対策、難関大受験対策,まずは無料の個別相談で、お子様の現状や目標をお伺いしながら、最適なコースをご提案させていただきます。お気軽にお近くの教室までお問い合わせください。,5956,성공,,2025-07-27T13:56:51.672Z,"[{""type"":""main"",""text"":""3.14では、お子様の学年や目標に合わせて最適なコースをご提案させていただいております。幼児から高校生まで、それぞれの発達段階に応じた多様なコースをご用意しています。"",""attachment"":null},{""type"":""sub"",""text"":""🎓 コース例：\n・幼児：グローバルスキル育成、脳力開発\n・小学生：個別指導、探究型学習\n・中学生：定額制個別指導\n・高校生：進学対策、難関大受験対策"",""attachment"":null},{""type"":""cta"",""text"":""まずは無料の個別相談で、お子様の現状や目標をお伺いしながら、最適なコースをご提案させていただきます。お気軽にお近くの教室までお問い合わせください。"",""attachment"":null}]"
HIGH_A-1,User_S,faq_user_001,授業・カリキュラム,大学受験対策はどの科目に対応していますか？,200,3.14コミュニティでは、英語・数学・国語・理科・社会の主要5科目すべてに対応しています。,志望大学や入試形式（共通テスト・推薦など）に合わせてお子様専用のカリキュラム・プランをご提案いたします🧑‍🏫,詳しい内容は体験や資料請求でご案内しておりますので、ぜひお気軽にご相談ください！,45,성공,,2025-07-27T13:56:52.721Z,"[{""type"":""main"",""text"":""3.14コミュニティでは、英語・数学・国語・理科・社会の主要5科目すべてに対応しています。"",""attachment"":null},{""type"":""sub"",""text"":""志望大学や入試形式（共通テスト・推薦など）に合わせてお子様専用のカリキュラム・プランをご提案いたします🧑‍🏫"",""attachment"":null},{""type"":""cta"",""text"":""詳しい内容は体験や資料請求でご案内しておりますので、ぜひお気軽にご相談ください！"",""attachment"":null}]"
HIGH_A-2,User_S,faq_user_001,授業・カリキュラム,難関大学向けの指導はありますか？,200,はい、ございます！3.14コミュニティでは、北海道大学をはじめとした難関大学志望の方向けに「難関国立大受験コース」「有名私立大受験コース」を用意しております。,また、さらに上のレベルを目指す方には、よりパーソナルなコーチングをご提供する「Brains Gym」もおすすめです☺️Brains Gymのサイトはこちら➡️ https://www.brainsgym.com/,ご興味がございましたら、いつでもご相談くださいね！,47,성공,,2025-07-27T13:56:53.769Z,"[{""type"":""main"",""text"":""はい、ございます！3.14コミュニティでは、北海道大学をはじめとした難関大学志望の方向けに「難関国立大受験コース」「有名私立大受験コース」を用意しております。"",""attachment"":null},{""type"":""sub"",""text"":""また、さらに上のレベルを目指す方には、よりパーソナルなコーチングをご提供する「Brains Gym」もおすすめです☺️\n\nBrains Gymのサイトはこちら\n➡️ https://www.brainsgym.com/"",""attachment"":null},{""type"":""cta"",""text"":""ご興味がございましたら、いつでもご相談くださいね！"",""attachment"":null}]"
HIGH_A-3,User_S,faq_user_001,授業・カリキュラム,定期テスト対策と受験対策は両立できますか？,200,もちろん可能です！3.14コミュニティでは、学校別の定期テスト対策と、大学受験に向けた長期的な指導を同時に行っています。,担任が学習スケジュールをしっかり管理し、どちらもバランスよくサポートいたしますのでご安心ください✨,他にもご不安な点があれば、お気軽にご相談くださいね！,50,성공,,2025-07-27T13:56:54.819Z,"[{""type"":""main"",""text"":""もちろん可能です！3.14コミュニティでは、学校別の定期テスト対策と、大学受験に向けた長期的な指導を同時に行っています。"",""attachment"":null},{""type"":""sub"",""text"":""担任が学習スケジュールをしっかり管理し、どちらもバランスよくサポートいたしますのでご安心ください✨"",""attachment"":null},{""type"":""cta"",""text"":""他にもご不安な点があれば、お気軽にご相談くださいね！"",""attachment"":null}]"
HIGH_A-4,User_S,faq_user_001,授業・カリキュラム,苦手な科目だけ受講することは可能ですか？,200,はい、可能です！3.14コミュニティの授業は『超・個人別指導』なので、必要な科目だけピンポイントで学習できます。,AI教材と講師の連携により、苦手分野を見える化し、効率的に克服していきます✏️,お気軽に無料体験からスタートしてみてくださいね！,49,성공,,2025-07-27T13:56:55.869Z,"[{""type"":""main"",""text"":""はい、可能です！3.14コミュニティの授業は『超・個人別指導』なので、必要な科目だけピンポイントで学習できます。"",""attachment"":null},{""type"":""sub"",""text"":""AI教材と講師の連携により、苦手分野を見える化し、効率的に克服していきます✏️"",""attachment"":null},{""type"":""cta"",""text"":""お気軽に無料体験からスタートしてみてくださいね！"",""attachment"":null}]"
HIGH_A-5,User_S,faq_user_001,授業・カリキュラム,高1・高2から受験対策を始められますか？,200,はい、むしろ高1・高2からのスタートが理想的です！3.14では志望校別の長期プランを設計し、早期から無理なく受験準備ができます。,また、推薦や総合型選抜などにも対応したサポート体制を整えています🧑‍🏫,タイミングに関するご相談も、お気軽にどうぞ！,40,성공,,2025-07-27T13:56:56.911Z,"[{""type"":""main"",""text"":""はい、むしろ高1・高2からのスタートが理想的です！3.14では志望校別の長期プランを設計し、早期から無理なく受験準備ができます。"",""attachment"":null},{""type"":""sub"",""text"":""また、推薦や総合型選抜などにも対応したサポート体制を整えています🧑‍🏫"",""attachment"":null},{""type"":""cta"",""text"":""タイミングに関するご相談も、お気軽にどうぞ！"",""attachment"":null}]"
HIGH_B-1,User_S,faq_user_001,通塾・学習時間,部活と両立できますか？,200,はい、もちろん可能です！3.14コミュニティでは、部活や学校生活と両立しながら学べる個別時間割を組むことができます。,授業がない日も自習スペースをご利用いただけるので、スキマ時間を有効に活用できます👀▶️ 時間割の例はこちら（image）,両立のご相談も大歓迎です。ぜひお気軽にご相談ください！,51,성공,,2025-07-27T13:56:57.963Z,"[{""type"":""main"",""text"":""はい、もちろん可能です！3.14コミュニティでは、部活や学校生活と両立しながら学べる個別時間割を組むことができます。"",""attachment"":null},{""type"":""sub"",""text"":""授業がない日も自習スペースをご利用いただけるので、スキマ時間を有効に活用できます👀\n\n▶️ 時間割の例はこちら\n（image）"",""attachment"":null},{""type"":""cta"",""text"":""両立のご相談も大歓迎です。ぜひお気軽にご相談ください！"",""attachment"":null}]"
HIGH_B-2,User_S,faq_user_001,通塾・学習時間,自習室はいつでも使えますか？,200,はい、開校時間内であれば授業のない日でも自習室をご利用いただけます！,講師が近くにいる環境なので、わからないところをすぐに質問できるのも安心ポイントです❣️,どんどん活用して、学習リズムを整えていきましょう！,937,성공,,2025-07-27T13:56:59.903Z,"[{""type"":""main"",""text"":""はい、開校時間内であれば授業のない日でも自習室をご利用いただけます！"",""attachment"":null},{""type"":""sub"",""text"":""講師が近くにいる環境なので、わからないところをすぐに質問できるのも安心ポイントです❣️"",""attachment"":null},{""type"":""cta"",""text"":""どんどん活用して、学習リズムを整えていきましょう！"",""attachment"":null}]"
HIGH_B-3,User_S,faq_user_001,通塾・学習時間,通塾の時間帯は選べますか？,200,はい、ご希望の時間帯に合わせて、通塾スケジュールを個別に設定できます。,部活や学校の行事と両立できるよう、担任が最適な時間割をご提案いたします✨▶️ 時間割の例はこちら（image）,お気軽にご希望をお聞かせくださいね！,1184,성공,,2025-07-27T13:57:02.088Z,"[{""type"":""main"",""text"":""はい、ご希望の時間帯に合わせて、通塾スケジュールを個別に設定できます。"",""attachment"":null},{""type"":""sub"",""text"":""部活や学校の行事と両立できるよう、担任が最適な時間割をご提案いたします✨\n\n▶️ 時間割の例はこちら\n（image）"",""attachment"":null},{""type"":""cta"",""text"":""お気軽にご希望をお聞かせくださいね！"",""attachment"":null}]"
HIGH_B-4,User_S,faq_user_001,通塾・学習時間,授業の振替はできますか？,200,体調不良や急な予定変更などがあっても大丈夫です！🙆‍♀️,担任にご連絡いただければ、柔軟に振替対応させていただきますのでご安心ください✨,学びのリズムを崩さず続けられるよう、しっかりサポートいたします。,1047,성공,,2025-07-27T13:57:04.138Z,"[{""type"":""main"",""text"":""体調不良や急な予定変更などがあっても大丈夫です！🙆‍♀️"",""attachment"":null},{""type"":""sub"",""text"":""担任にご連絡いただければ、柔軟に振替対応させていただきますのでご安心ください✨"",""attachment"":null},{""type"":""cta"",""text"":""学びのリズムを崩さず続けられるよう、しっかりサポートいたします。"",""attachment"":null}]"
HIGH_B-5,User_S,faq_user_001,通塾・学習時間,夏期・冬期講習はどのくらいの期間ありますか？,200,講習会は春・夏・冬にそれぞれ実施しており、期間はおおよそ1〜3週間程度です。,日程や受講内容は自由に選べるので、部活や帰省との両立も可能です✨,詳細なスケジュールはお気軽にお問い合わせください！,881,성공,,2025-07-27T13:57:06.020Z,"[{""type"":""main"",""text"":""講習会は春・夏・冬にそれぞれ実施しており、期間はおおよそ1〜3週間程度です。"",""attachment"":null},{""type"":""sub"",""text"":""日程や受講内容は自由に選べるので、部活や帰省との両立も可能です✨"",""attachment"":null},{""type"":""cta"",""text"":""詳細なスケジュールはお気軽にお問い合わせください！"",""attachment"":null}]"
HIGH_C-1,User_S,faq_user_001,料金・制度,授業料はいくらですか？学年や科目で変わりますか？,200,3.14コミュニティでは、授業受け放題の【定額制】を導入しています✨,受講科目であれば、どれだけ授業を受けても定額で必要な学習サポートが受けられるのが特徴です。▶️ 料金プランはこちら(image),詳しい内容は体験や資料請求でご案内しておりますので、ぜひお気軽にご相談ください！,897,성공,,2025-07-27T13:57:07.920Z,"[{""type"":""main"",""text"":""3.14コミュニティでは、授業受け放題の【定額制】を導入しています✨"",""attachment"":null},{""type"":""sub"",""text"":""受講科目であれば、どれだけ授業を受けても定額で必要な学習サポートが受けられるのが特徴です。\n\n▶️ 料金プランはこちら\n(image)"",""attachment"":null},{""type"":""cta"",""text"":""詳しい内容は体験や資料請求でご案内しておりますので、ぜひお気軽にご相談ください！"",""attachment"":null}]"
HIGH_C-2,User_S,faq_user_001,料金・制度,教材費は別途かかりますか？,200,はい、教材費は別途ご案内しておりますが、必要な分のみをご提案しております。,お子様専用のカリキュラムに応じて、最適な教材を選定いたします📚,無理なく学べるように配慮していますのでご安心ください！,53,성공,,2025-07-27T13:57:08.974Z,"[{""type"":""main"",""text"":""はい、教材費は別途ご案内しておりますが、必要な分のみをご提案しております。"",""attachment"":null},{""type"":""sub"",""text"":""お子様専用のカリキュラムに応じて、最適な教材を選定いたします📚"",""attachment"":null},{""type"":""cta"",""text"":""無理なく学べるように配慮していますのでご安心ください！"",""attachment"":null}]"
HIGH_C-3,User_S,faq_user_001,料金・制度,無料体験はできますか？,200,はい！3.14コミュニティでは、体験授業や教室見学を随時受け付けております。,,実際の雰囲気や授業スタイルを体感してから入塾をご検討ください🙇‍♂,58,성공,,2025-07-27T13:57:10.033Z,"[{""type"":""main"",""text"":""はい！3.14コミュニティでは、体験授業や教室見学を随時受け付けております。"",""attachment"":null},{""type"":""cta"",""text"":""実際の雰囲気や授業スタイルを体感してから入塾をご検討ください🙇‍♂"",""attachment"":null}]"
HIGH_C-4,User_S,faq_user_001,料金・制度,複数科目の受講は割引がありますか？,200,はい！複数科目の受講で1科目あたりの料金がお得になります。,『苦手はじっくり』『得意は先取り』など、教科を組み合わせて学べるのが3.14の魅力です✨▶️ 料金プランはこちら(image),-詳しい内容は体験や資料請求でご案内しておりますので、ぜひお気軽にご相談ください！,56,성공,,2025-07-27T13:57:11.091Z,"[{""type"":""main"",""text"":""はい！複数科目の受講で1科目あたりの料金がお得になります。"",""attachment"":null},{""type"":""sub"",""text"":""『苦手はじっくり』『得意は先取り』など、教科を組み合わせて学べるのが3.14の魅力です✨\n\n▶️ 料金プランはこちら\n(image)"",""attachment"":null},{""type"":""cta"",""text"":""-\n詳しい内容は体験や資料請求でご案内しておりますので、ぜひお気軽にご相談ください！"",""attachment"":null}]"
HIGH_C-5,User_S,faq_user_001,料金・制度,模試や外部試験の費用は含まれますか？,200,模試や外部試験などは、コースに応じて別途ご案内する場合があります。,ただし、担任が一人ひとりに必要なものだけをご提案いたしますのでご安心ください❣️,結果は丁寧にフィードバックし、次の学習計画に活かします！,45,성공,,2025-07-27T13:57:12.138Z,"[{""type"":""main"",""text"":""模試や外部試験などは、コースに応じて別途ご案内する場合があります。"",""attachment"":null},{""type"":""sub"",""text"":""ただし、担任が一人ひとりに必要なものだけをご提案いたしますのでご安心ください❣️"",""attachment"":null},{""type"":""cta"",""text"":""結果は丁寧にフィードバックし、次の学習計画に活かします！"",""attachment"":null}]"
MIDDLE_A-1,User_S,faq_user_001,授業・カリキュラム,定期テスト対策はしてもらえますか？,200,はい、もちろんです！3.14コミュニティでは、学校ごとの試験範囲や出題傾向に合わせた定期テスト対策を行っています✏️,追加の授業が必要になっても、定額制だから安心してしっかり取り組めます✨,無料体験でもテスト対策の雰囲気をご体験いただけますよ！,50,성공,,2025-07-27T13:57:13.191Z,"[{""type"":""main"",""text"":""はい、もちろんです！3.14コミュニティでは、学校ごとの試験範囲や出題傾向に合わせた定期テスト対策を行っています✏️"",""attachment"":null},{""type"":""sub"",""text"":""追加の授業が必要になっても、定額制だから安心してしっかり取り組めます✨"",""attachment"":null},{""type"":""cta"",""text"":""無料体験でもテスト対策の雰囲気をご体験いただけますよ！"",""attachment"":null}]"
MIDDLE_A-2,User_S,faq_user_001,授業・カリキュラム,学校の教科書に合わせた授業ですか？,200,はい、通っている学校の教科書や進度に合わせて、授業内容をカスタマイズしています📚,定期テスト対策はもちろん、次学年の先取りなど様々なニーズにお答えできます！(image),実際の授業内容は見学や資料請求でご確認ください！,44,성공,,2025-07-27T13:57:14.238Z,"[{""type"":""main"",""text"":""はい、通っている学校の教科書や進度に合わせて、授業内容をカスタマイズしています📚"",""attachment"":null},{""type"":""sub"",""text"":""定期テスト対策はもちろん、次学年の先取りなど様々なニーズにお答えできます！\n\n(image)"",""attachment"":null},{""type"":""cta"",""text"":""実際の授業内容は見学や資料請求でご確認ください！"",""attachment"":null}]"
MIDDLE_A-3,User_S,faq_user_001,授業・カリキュラム,苦手な教科を集中的に見てもらえますか？,200,もちろん可能です！AIで理解度を分析し、苦手単元を特定した上で、ピンポイントで対策していきます🧠,理解のズレを解消し、自信につなげていくサポートを全力で行います✨(image),詳しく知りたい方は、ぜひ一度ご相談か体験授業をご利用ください！,51,성공,,2025-07-27T13:57:15.291Z,"[{""type"":""main"",""text"":""もちろん可能です！AIで理解度を分析し、苦手単元を特定した上で、ピンポイントで対策していきます🧠"",""attachment"":null},{""type"":""sub"",""text"":""理解のズレを解消し、自信につなげていくサポートを全力で行います✨\n\n(image)"",""attachment"":null},{""type"":""cta"",""text"":""詳しく知りたい方は、ぜひ一度ご相談か体験授業をご利用ください！"",""attachment"":null}]"
MIDDLE_A-4,User_S,faq_user_001,授業・カリキュラム,宿題や課題のフォローはありますか？,200,はい、担任が日々の学習状況を見守っているので、宿題の進み具合や理解度もばっちり把握しています🧑‍🏫,わからないところはすぐ質問OK！自習スペースでもサポートを受けられます✨,ご不安な方は、まず無料体験や教室見学がおすすめです😊,64,성공,,2025-07-27T13:57:16.359Z,"[{""type"":""main"",""text"":""はい、担任が日々の学習状況を見守っているので、宿題の進み具合や理解度もばっちり把握しています🧑‍🏫"",""attachment"":null},{""type"":""sub"",""text"":""わからないところはすぐ質問OK！自習スペースでもサポートを受けられます✨"",""attachment"":null},{""type"":""cta"",""text"":""ご不安な方は、まず無料体験や教室見学がおすすめです😊"",""attachment"":null}]"
MIDDLE_A-5,User_S,faq_user_001,授業・カリキュラム,高校受験対策はいつから始めるべきですか？,200,できるだけ早い時期からの準備がおすすめです！3.14では中1・中2の基礎づくりが、入試本番の得点力に直結しています📈,中3からは本格的に過去問演習や模試対策など『入試対策ゼミ』で徹底対策をしましょう。(image),まずは資料請求や体験授業で、スタートのタイミングをご相談ください！,51,성공,,2025-07-27T13:57:17.411Z,"[{""type"":""main"",""text"":""できるだけ早い時期からの準備がおすすめです！3.14では中1・中2の基礎づくりが、入試本番の得点力に直結しています📈"",""attachment"":null},{""type"":""sub"",""text"":""中3からは本格的に過去問演習や模試対策など『入試対策ゼミ』で徹底対策をしましょう。\n\n(image)"",""attachment"":null},{""type"":""cta"",""text"":""まずは資料請求や体験授業で、スタートのタイミングをご相談ください！"",""attachment"":null}]"
MIDDLE_B-1,User_S,faq_user_001,通塾・学習時間,部活と両立できますか？,200,はい、もちろんです！3.14コミュニティでは、部活や習い事と両立しやすい時間帯で授業を受けられます。,授業のない日でも自習スペースで学習できるので、スキマ時間の活用にも最適です📖▶️ 時間割の例はこちら(image),ご希望の通塾スケジュールなど、ぜひお気軽にご相談ください！,44,성공,,2025-07-27T13:57:18.458Z,"[{""type"":""main"",""text"":""はい、もちろんです！3.14コミュニティでは、部活や習い事と両立しやすい時間帯で授業を受けられます。"",""attachment"":null},{""type"":""sub"",""text"":""授業のない日でも自習スペースで学習できるので、スキマ時間の活用にも最適です📖\n\n▶️ 時間割の例はこちら\n(image)"",""attachment"":null},{""type"":""cta"",""text"":""ご希望の通塾スケジュールなど、ぜひお気軽にご相談ください！"",""attachment"":null}]"
MIDDLE_B-2,User_S,faq_user_001,通塾・学習時間,自習室はいつでも使えますか？,200,はい、開校時間内であればいつでも自習室をご利用いただけます！,授業のない日でも先生が近くにいて、質問や学習サポートを受けられる環境です🧑‍🏫,実際の自習室の雰囲気は、見学や体験でご確認いただけます😊,39,성공,,2025-07-27T13:57:19.499Z,"[{""type"":""main"",""text"":""はい、開校時間内であればいつでも自習室をご利用いただけます！"",""attachment"":null},{""type"":""sub"",""text"":""授業のない日でも先生が近くにいて、質問や学習サポートを受けられる環境です🧑‍🏫"",""attachment"":null},{""type"":""cta"",""text"":""実際の自習室の雰囲気は、見学や体験でご確認いただけます😊"",""attachment"":null}]"
MIDDLE_B-3,User_S,faq_user_001,通塾・学習時間,通塾の時間帯は選べますか？,200,はい、通塾の曜日・時間帯はご都合に合わせて自由に設定できます。,担任が部活やご家庭のスケジュールをヒアリングして、無理のない学習計画をご提案します🗓️▶️ 時間割の例はこちら(image),ご希望の時間帯をお気軽にご相談ください！,50,성공,,2025-07-27T13:57:20.551Z,"[{""type"":""main"",""text"":""はい、通塾の曜日・時間帯はご都合に合わせて自由に設定できます。"",""attachment"":null},{""type"":""sub"",""text"":""担任が部活やご家庭のスケジュールをヒアリングして、無理のない学習計画をご提案します🗓️\n\n▶️ 時間割の例はこちら\n(image)"",""attachment"":null},{""type"":""cta"",""text"":""ご希望の時間帯をお気軽にご相談ください！"",""attachment"":null}]"
MIDDLE_B-4,User_S,faq_user_001,通塾・学習時間,授業の振替はできますか？,200,はい、もちろんです👌体調不良や予定変更の際もご安心ください！,担任にご連絡いただければ、振替授業や自習サポートでフォローいたします❣️,柔軟な対応が可能なので、気になる方は体験時にご相談ください。,42,성공,,2025-07-27T13:57:21.596Z,"[{""type"":""main"",""text"":""はい、もちろんです👌体調不良や予定変更の際もご安心ください！"",""attachment"":null},{""type"":""sub"",""text"":""担任にご連絡いただければ、振替授業や自習サポートでフォローいたします❣️"",""attachment"":null},{""type"":""cta"",""text"":""柔軟な対応が可能なので、気になる方は体験時にご相談ください。"",""attachment"":null}]"
MIDDLE_B-5,User_S,faq_user_001,通塾・学習時間,夏期・冬期講習はどのくらいの期間ありますか？,200,講習会は夏・冬・春に実施しており、各シーズン2週間前後のスケジュールが目安です。,内容や日程は個別にカスタマイズできるので、帰省や部活との両立も可能です✨,講習内容の詳細は、パンフレットや体験時にご案内しております！,45,성공,,2025-07-27T13:57:22.642Z,"[{""type"":""main"",""text"":""講習会は夏・冬・春に実施しており、各シーズン2週間前後のスケジュールが目安です。"",""attachment"":null},{""type"":""sub"",""text"":""内容や日程は個別にカスタマイズできるので、帰省や部活との両立も可能です✨"",""attachment"":null},{""type"":""cta"",""text"":""講習内容の詳細は、パンフレットや体験時にご案内しております！"",""attachment"":null}]"
MIDDLE_C-1,User_S,faq_user_001,料金・制度,授業料はいくらですか？学年や科目で変わりますか？,200,3.14コミュニティでは、授業受け放題の【定額制】を導入しています🧑‍🏫,必要な授業やサポートを自由に受けられるのが特長です！▶️ 料金プランはこちら(image),料金詳細は教室でのご案内か、資料請求をご活用ください！,46,성공,,2025-07-27T13:57:23.690Z,"[{""type"":""main"",""text"":""3.14コミュニティでは、授業受け放題の【定額制】を導入しています🧑‍🏫"",""attachment"":null},{""type"":""sub"",""text"":""必要な授業やサポートを自由に受けられるのが特長です！\n\n▶️ 料金プランはこちら\n(image)"",""attachment"":null},{""type"":""cta"",""text"":""料金詳細は教室でのご案内か、資料請求をご活用ください！"",""attachment"":null}]"
MIDDLE_C-2,User_S,faq_user_001,料金・制度,教材費は別途かかりますか？,200,はい、教材費は別途ご案内しておりますが、必要な分のみをご提案しております。,お子様専用のカリキュラムに応じて、最適な教材を選定いたします📚,無理なく学べるように配慮していますのでご安心ください！,49,성공,,2025-07-27T13:57:24.742Z,"[{""type"":""main"",""text"":""はい、教材費は別途ご案内しておりますが、必要な分のみをご提案しております。"",""attachment"":null},{""type"":""sub"",""text"":""お子様専用のカリキュラムに応じて、最適な教材を選定いたします📚"",""attachment"":null},{""type"":""cta"",""text"":""無理なく学べるように配慮していますのでご安心ください！"",""attachment"":null}]"
MIDDLE_C-3,User_S,faq_user_001,料金・制度,無料体験はできますか？,200,はい！3.14コミュニティでは、体験授業や教室見学を随時受け付けております。,,実際の雰囲気や授業スタイルを体感してから入塾をご検討ください🙇‍♂,45,성공,,2025-07-27T13:57:25.789Z,"[{""type"":""main"",""text"":""はい！3.14コミュニティでは、体験授業や教室見学を随時受け付けております。"",""attachment"":null},{""type"":""cta"",""text"":""実際の雰囲気や授業スタイルを体感してから入塾をご検討ください🙇‍♂"",""attachment"":null}]"
MIDDLE_C-4,User_S,faq_user_001,料金・制度,複数科目の受講は割引がありますか？,200,はい！複数科目の受講で1科目あたりの料金がお得になります。,『苦手はじっくり』『得意は先取り』など、教科を組み合わせて学べるのが3.14の魅力です✨▶️ 料金プランはこちら(image),-詳しい内容は体験や資料請求でご案内しておりますので、ぜひお気軽にご相談ください！,43,성공,,2025-07-27T13:57:26.833Z,"[{""type"":""main"",""text"":""はい！複数科目の受講で1科目あたりの料金がお得になります。"",""attachment"":null},{""type"":""sub"",""text"":""『苦手はじっくり』『得意は先取り』など、教科を組み合わせて学べるのが3.14の魅力です✨\n\n▶️ 料金プランはこちら\n(image)"",""attachment"":null},{""type"":""cta"",""text"":""-\n詳しい内容は体験や資料請求でご案内しておりますので、ぜひお気軽にご相談ください！"",""attachment"":null}]"
MIDDLE_C-5,User_S,faq_user_001,料金・制度,模試や外部試験の費用は含まれますか？,200,模試や外部試験などは、コースに応じて別途ご案内する場合があります。,ただし、担任が一人ひとりに必要なものだけをご提案いたしますのでご安心ください❣️,結果は丁寧にフィードバックし、次の学習計画に活かします！,45,성공,,2025-07-27T13:57:27.879Z,"[{""type"":""main"",""text"":""模試や外部試験などは、コースに応じて別途ご案内する場合があります。"",""attachment"":null},{""type"":""sub"",""text"":""ただし、担任が一人ひとりに必要なものだけをご提案いたしますのでご安心ください❣️"",""attachment"":null},{""type"":""cta"",""text"":""結果は丁寧にフィードバックし、次の学習計画に活かします！"",""attachment"":null}]"
ELEMENTARY_A-1,User_S,faq_user_001,授業・カリキュラム,小学校の授業に合わせた指導ですか？,200,はい、3.14コミュニティでは、学校ごとの教科書や授業進度に合わせて丁寧にサポートしています🧑‍🏫,つまずきやすい単元も、個別に立ち止まってしっかり理解を深められます。,詳しい指導内容は体験授業や資料請求でご覧いただけます📘,55,성공,,2025-07-27T13:57:28.935Z,"[{""type"":""main"",""text"":""はい、3.14コミュニティでは、学校ごとの教科書や授業進度に合わせて丁寧にサポートしています🧑‍🏫"",""attachment"":null},{""type"":""sub"",""text"":""つまずきやすい単元も、個別に立ち止まってしっかり理解を深められます。"",""attachment"":null},{""type"":""cta"",""text"":""詳しい指導内容は体験授業や資料請求でご覧いただけます📘"",""attachment"":null}]"
ELEMENTARY_A-2,User_S,faq_user_001,授業・カリキュラム,中学受験コースはありますか？,200,はい、希望される方には中学受験に向けた個別対応が可能です！,志望校のレベルや出題傾向に合わせて、カリキュラムを柔軟にカスタマイズいたします✨,まずはご希望の受験校や開始時期について、お気軽にご相談ください😊,59,성공,,2025-07-27T13:57:29.996Z,"[{""type"":""main"",""text"":""はい、希望される方には中学受験に向けた個別対応が可能です！"",""attachment"":null},{""type"":""sub"",""text"":""志望校のレベルや出題傾向に合わせて、カリキュラムを柔軟にカスタマイズいたします✨"",""attachment"":null},{""type"":""cta"",""text"":""まずはご希望の受験校や開始時期について、お気軽にご相談ください😊"",""attachment"":null}]"
ELEMENTARY_A-3,User_S,faq_user_001,授業・カリキュラム,低学年でも集中して取り組めますか？,200,はい、ご安心ください！一人ひとりの集中力や理解度に合わせて、無理のないスモールステップで学習を進めていきます。,講師が近くで見守り、声かけしながら進めるので、自然と学ぶ姿勢が身につきます🧑‍🏫,体験授業で実際の様子をご確認いただけますよ！,59,성공,,2025-07-27T13:57:31.057Z,"[{""type"":""main"",""text"":""はい、ご安心ください！一人ひとりの集中力や理解度に合わせて、無理のないスモールステップで学習を進めていきます。"",""attachment"":null},{""type"":""sub"",""text"":""講師が近くで見守り、声かけしながら進めるので、自然と学ぶ姿勢が身につきます🧑‍🏫"",""attachment"":null},{""type"":""cta"",""text"":""体験授業で実際の様子をご確認いただけますよ！"",""attachment"":null}]"
ELEMENTARY_A-4,User_S,faq_user_001,授業・カリキュラム,漢字・計算など基礎から見てもらえますか？,200,もちろんです！学年の枠にとらわれず、お子さま一人ひとりの習熟度に合わせて基礎から丁寧に指導します。,『わかった！できた！』の成功体験を積み重ねることで、学ぶ楽しさが育ちます✨,詳しい内容は、教室での体験や面談でご確認いただけます📒,89,성공,,2025-07-27T13:57:32.147Z,"[{""type"":""main"",""text"":""もちろんです！学年の枠にとらわれず、お子さま一人ひとりの習熟度に合わせて基礎から丁寧に指導します。"",""attachment"":null},{""type"":""sub"",""text"":""『わかった！できた！』の成功体験を積み重ねることで、学ぶ楽しさが育ちます✨"",""attachment"":null},{""type"":""cta"",""text"":""詳しい内容は、教室での体験や面談でご確認いただけます📒"",""attachment"":null}]"
ELEMENTARY_A-5,User_S,faq_user_001,授業・カリキュラム,宿題はありますか？,200,はい、お子さまに応じて無理のない範囲で宿題を出しています📃,家庭学習の習慣づけや、授業で学んだ内容の定着を目的としています。,どんな宿題が出るか気になる方は、体験時にぜひチェックしてみてください😀,64,성공,,2025-07-27T13:57:33.213Z,"[{""type"":""main"",""text"":""はい、お子さまに応じて無理のない範囲で宿題を出しています📃"",""attachment"":null},{""type"":""sub"",""text"":""家庭学習の習慣づけや、授業で学んだ内容の定着を目的としています。"",""attachment"":null},{""type"":""cta"",""text"":""どんな宿題が出るか気になる方は、体験時にぜひチェックしてみてください😀"",""attachment"":null}]"
ELEMENTARY_B-1,User_S,faq_user_001,通塾・学習時間,学童や他の習い事と両立できますか？,200,はい、多くのお子さまが学童や習い事と両立しながら通塾しています！,通う曜日や時間帯は柔軟に設定でき、学習時間も無理のない範囲で調整できます🗓️,まずはスケジュールのご希望を体験時にご相談ください☺️,47,성공,,2025-07-27T13:57:34.260Z,"[{""type"":""main"",""text"":""はい、多くのお子さまが学童や習い事と両立しながら通塾しています！"",""attachment"":null},{""type"":""sub"",""text"":""通う曜日や時間帯は柔軟に設定でき、学習時間も無理のない範囲で調整できます🗓️"",""attachment"":null},{""type"":""cta"",""text"":""まずはスケジュールのご希望を体験時にご相談ください☺️"",""attachment"":null}]"
ELEMENTARY_B-2,User_S,faq_user_001,通塾・学習時間,授業の時間帯は何時からですか？,200,平日は15:30〜、土曜は13:30〜など、学年や希望に応じて時間帯を選べます。,放課後すぐに来るお子さまもいれば、夕方の習い事後に通う方もいます🏫,詳しい時間帯のご案内は教室または無料体験でご確認いただけます！,51,성공,,2025-07-27T13:57:35.313Z,"[{""type"":""main"",""text"":""平日は15:30〜、土曜は13:30〜など、学年や希望に応じて時間帯を選べます。"",""attachment"":null},{""type"":""sub"",""text"":""放課後すぐに来るお子さまもいれば、夕方の習い事後に通う方もいます🏫"",""attachment"":null},{""type"":""cta"",""text"":""詳しい時間帯のご案内は教室または無料体験でご確認いただけます！"",""attachment"":null}]"
ELEMENTARY_B-3,User_S,faq_user_001,通塾・学習時間,保護者の送り迎えは必要ですか？,200,低学年のお子さまは、安全面を考慮して送迎をお願いするケースが多いです👪,通塾ルートや時間帯に応じて、通学方法をご提案することも可能です。,まずは体験時に通塾のご不安をご相談ください！,59,성공,,2025-07-27T13:57:36.374Z,"[{""type"":""main"",""text"":""低学年のお子さまは、安全面を考慮して送迎をお願いするケースが多いです👪"",""attachment"":null},{""type"":""sub"",""text"":""通塾ルートや時間帯に応じて、通学方法をご提案することも可能です。"",""attachment"":null},{""type"":""cta"",""text"":""まずは体験時に通塾のご不安をご相談ください！"",""attachment"":null}]"
ELEMENTARY_B-4,User_S,faq_user_001,通塾・学習時間,週1回だけでも通えますか？,200,はい、週1回から通塾できます！学習習慣の定着や学びのきっかけづくりにもおすすめです。,学年や目的に応じて、最適な頻度をご提案いたします✨,まずは【無料体験】で雰囲気をご確認ください🧑‍🏫,44,성공,,2025-07-27T13:57:37.420Z,"[{""type"":""main"",""text"":""はい、週1回から通塾できます！学習習慣の定着や学びのきっかけづくりにもおすすめです。"",""attachment"":null},{""type"":""sub"",""text"":""学年や目的に応じて、最適な頻度をご提案いたします✨"",""attachment"":null},{""type"":""cta"",""text"":""まずは【無料体験】で雰囲気をご確認ください🧑‍🏫"",""attachment"":null}]"
ELEMENTARY_B-5,User_S,faq_user_001,通塾・学習時間,長期休みの講習はありますか？,200,はい、春・夏・冬に講習会を実施しています。復習や先取り、苦手克服など目的に応じて参加できます！,講習期間は通常2週間程度で、日程も柔軟に組めます🗓️,講習内容の詳細は、パンフレットや無料体験でご確認いただけます📘,49,성공,,2025-07-27T13:57:38.470Z,"[{""type"":""main"",""text"":""はい、春・夏・冬に講習会を実施しています。復習や先取り、苦手克服など目的に応じて参加できます！"",""attachment"":null},{""type"":""sub"",""text"":""講習期間は通常2週間程度で、日程も柔軟に組めます🗓️"",""attachment"":null},{""type"":""cta"",""text"":""講習内容の詳細は、パンフレットや無料体験でご確認いただけます📘"",""attachment"":null}]"
ELEMENTARY_C-1,User_S,faq_user_001,料金・制度,小学生の授業料はいくらですか？,200,3.14コミュニティでは、授業受け放題の【定額制】を導入しています🧑‍🏫,必要な授業やサポートを自由に受けられるのが特長です！▶️ 料金プランはこちら(image),料金詳細は教室でのご案内か、資料請求をご活用ください！,48,성공,,2025-07-27T13:57:39.520Z,"[{""type"":""main"",""text"":""3.14コミュニティでは、授業受け放題の【定額制】を導入しています🧑‍🏫"",""attachment"":null},{""type"":""sub"",""text"":""必要な授業やサポートを自由に受けられるのが特長です！\n\n▶️ 料金プランはこちら\n(image)"",""attachment"":null},{""type"":""cta"",""text"":""料金詳細は教室でのご案内か、資料請求をご活用ください！"",""attachment"":null}]"
ELEMENTARY_C-2,User_S,faq_user_001,料金・制度,兄弟で通うと割引はありますか？,200,はい、ご兄弟・姉妹での通塾には【兄弟割引】の制度がございます❣️,ご家庭の教育ニーズに合わせて、柔軟にご提案させていただきます。,割引内容の詳細は、教室または体験時にお気軽にご相談ください😊,55,성공,,2025-07-27T13:57:40.576Z,"[{""type"":""main"",""text"":""はい、ご兄弟・姉妹での通塾には【兄弟割引】の制度がございます❣️"",""attachment"":null},{""type"":""sub"",""text"":""ご家庭の教育ニーズに合わせて、柔軟にご提案させていただきます。"",""attachment"":null},{""type"":""cta"",""text"":""割引内容の詳細は、教室または体験時にお気軽にご相談ください😊"",""attachment"":null}]"
ELEMENTARY_C-3,User_S,faq_user_001,料金・制度,教材費や年会費はありますか？,200,はい、教材費は別途ご案内しておりますが、必要な分のみをご提案しております。,お子様専用のカリキュラムに応じて、最適な教材を選定いたします📚,無理なく学べるように配慮していますのでご安心ください！,51,성공,,2025-07-27T13:57:41.630Z,"[{""type"":""main"",""text"":""はい、教材費は別途ご案内しておりますが、必要な分のみをご提案しております。"",""attachment"":null},{""type"":""sub"",""text"":""お子様専用のカリキュラムに応じて、最適な教材を選定いたします📚"",""attachment"":null},{""type"":""cta"",""text"":""無理なく学べるように配慮していますのでご安心ください！"",""attachment"":null}]"
ELEMENTARY_C-4,User_S,faq_user_001,料金・制度,無料体験はできますか？,200,はい！3.14コミュニティでは、体験授業や教室見学を随時受け付けております。,,実際の雰囲気や授業スタイルを体感してから入塾をご検討ください🙇‍♂,75,성공,,2025-07-27T13:57:42.707Z,"[{""type"":""main"",""text"":""はい！3.14コミュニティでは、体験授業や教室見学を随時受け付けております。"",""attachment"":null},{""type"":""cta"",""text"":""実際の雰囲気や授業スタイルを体感してから入塾をご検討ください🙇‍♂"",""attachment"":null}]"
ELEMENTARY_C-5,User_S,faq_user_001,料金・制度,入塾テストはありますか？,200,基本的には入塾テストは行っておりませんので、どなたでも安心してご入会いただけます☺️,学力診断や面談を通して、最適な学習スタートをご提案します！,まずは体験やご相談からお気軽に始めていただけますよ🙋,44,성공,,2025-07-27T13:57:43.753Z,"[{""type"":""main"",""text"":""基本的には入塾テストは行っておりませんので、どなたでも安心してご入会いただけます☺️"",""attachment"":null},{""type"":""sub"",""text"":""学力診断や面談を通して、最適な学習スタートをご提案します！"",""attachment"":null},{""type"":""cta"",""text"":""まずは体験やご相談からお気軽に始めていただけますよ🙋"",""attachment"":null}]"
PRESCHOOL_A-1,User_S,faq_user_001,授業・カリキュラム,何歳から通えますか？,200,3.14コミュニティでは、年少（満3歳）頃から通っていただけます。,遊びの中で思考力・集中力・ことばの力を育てる「脳力開発コース」をご用意しています🏃‍♀️,まずは見学や体験でお子さまのご様子をご確認いただけます😊,55,성공,,2025-07-27T13:57:44.810Z,"[{""type"":""main"",""text"":""3.14コミュニティでは、年少（満3歳）頃から通っていただけます。"",""attachment"":null},{""type"":""sub"",""text"":""遊びの中で思考力・集中力・ことばの力を育てる「脳力開発コース」をご用意しています🏃‍♀️"",""attachment"":null},{""type"":""cta"",""text"":""まずは見学や体験でお子さまのご様子をご確認いただけます😊"",""attachment"":null}]"
PRESCHOOL_A-2,User_S,faq_user_001,授業・カリキュラム,小学校受験に対応していますか？,200,はい、小学校受験をお考えのご家庭向けに、対応したカリキュラムのご相談も可能です👩‍🎓,思考力・言語・集団活動など、目的に合わせた支援をご提案します！,詳しくは教室までお気軽にお問い合わせください☺️,42,성공,,2025-07-27T13:57:45.856Z,"[{""type"":""main"",""text"":""はい、小学校受験をお考えのご家庭向けに、対応したカリキュラムのご相談も可能です👩‍🎓"",""attachment"":null},{""type"":""sub"",""text"":""思考力・言語・集団活動など、目的に合わせた支援をご提案します！"",""attachment"":null},{""type"":""cta"",""text"":""詳しくは教室までお気軽にお問い合わせください☺️"",""attachment"":null}]"
PRESCHOOL_A-3,User_S,faq_user_001,授業・カリキュラム,授業はどんな内容ですか？,200,3.14コミュニティの幼児コースでは、3つの学びのプログラムをご用意しています。,🧠 パズル道場：図形・数理パズルで“考える力”と粘り強さを育成🔤 Lepton（レプトン）：英語4技能をバランスよく育てる個別学習🤖 クレファス：ロボット製作やプログラミングで創造力と思考力を伸ばす,実際の活動は体験レッスンや見学でご覧いただけます！,56,성공,,2025-07-27T13:57:46.912Z,"[{""type"":""main"",""text"":""3.14コミュニティの幼児コースでは、3つの学びのプログラムをご用意しています。"",""attachment"":null},{""type"":""sub"",""text"":""🧠 パズル道場：図形・数理パズルで“考える力”と粘り強さを育成\n\n🔤 Lepton（レプトン）：英語4技能をバランスよく育てる個別学習\n\n🤖 クレファス：ロボット製作やプログラミングで創造力と思考力を伸ばす"",""attachment"":null},{""type"":""cta"",""text"":""実際の活動は体験レッスンや見学でご覧いただけます！"",""attachment"":null}]"
PRESCHOOL_A-4,User_S,faq_user_001,授業・カリキュラム,遊びと学びのバランスはどうなっていますか？,200,無理な詰め込みはせず、遊びの中に“学びの芽”を散りばめたプログラムです。,「できた！」「たのしい！」を大切にしながら、自信と集中力を育てていきます✈️,お子さまのペースに合わせた指導についても、体験時にご相談いただけます😊,44,성공,,2025-07-27T13:57:47.959Z,"[{""type"":""main"",""text"":""無理な詰め込みはせず、遊びの中に“学びの芽”を散りばめたプログラムです。"",""attachment"":null},{""type"":""sub"",""text"":""「できた！」「たのしい！」を大切にしながら、自信と集中力を育てていきます✈️"",""attachment"":null},{""type"":""cta"",""text"":""お子さまのペースに合わせた指導についても、体験時にご相談いただけます😊"",""attachment"":null}]"
PRESCHOOL_A-5,User_S,faq_user_001,授業・カリキュラム,人見知りでも大丈夫ですか？,200,ご安心ください。初めての場が不安なお子さまには、少人数・個別対応でゆっくり慣れていただきます。,先生が一人ひとりの表情や反応を見ながら、やさしく関わります✨,ご心配な点は体験時にぜひご相談ください。保護者同伴での見学も可能です！👪,49,성공,,2025-07-27T13:57:49.011Z,"[{""type"":""main"",""text"":""ご安心ください。初めての場が不安なお子さまには、少人数・個別対応でゆっくり慣れていただきます。"",""attachment"":null},{""type"":""sub"",""text"":""先生が一人ひとりの表情や反応を見ながら、やさしく関わります✨"",""attachment"":null},{""type"":""cta"",""text"":""ご心配な点は体験時にぜひご相談ください。保護者同伴での見学も可能です！👪"",""attachment"":null}]"
PRESCHOOL_B-1,User_S,faq_user_001,通塾・学習時間,保育園や幼稚園との両立はできますか？,200,はい、多くのお子さまが保育園・幼稚園に通いながら、週1〜2回の通塾で両立しています。,夕方や土曜日などの時間帯を選んで通えるので、無理なく続けられます✨,ご家庭のスケジュールに合わせた通塾プランをご提案いたします😊,43,성공,,2025-07-27T13:57:50.055Z,"[{""type"":""main"",""text"":""はい、多くのお子さまが保育園・幼稚園に通いながら、週1〜2回の通塾で両立しています。"",""attachment"":null},{""type"":""sub"",""text"":""夕方や土曜日などの時間帯を選んで通えるので、無理なく続けられます✨"",""attachment"":null},{""type"":""cta"",""text"":""ご家庭のスケジュールに合わせた通塾プランをご提案いたします😊"",""attachment"":null}]"
PRESCHOOL_B-2,User_S,faq_user_001,通塾・学習時間,通う頻度はどのくらいが理想ですか？,200,基本的には週1回から通塾できますが、集中力や目的に応じて週2回のコースもご用意しています。,「はじめての学び」に慣れるところから、少しずつペースを作っていきます✨,まずは週1回から試せる体験レッスンにご参加ください😊,43,성공,,2025-07-27T13:57:51.099Z,"[{""type"":""main"",""text"":""基本的には週1回から通塾できますが、集中力や目的に応じて週2回のコースもご用意しています。"",""attachment"":null},{""type"":""sub"",""text"":""「はじめての学び」に慣れるところから、少しずつペースを作っていきます✨"",""attachment"":null},{""type"":""cta"",""text"":""まずは週1回から試せる体験レッスンにご参加ください😊"",""attachment"":null}]"
PRESCHOOL_B-3,User_S,faq_user_001,通塾・学習時間,保護者の同伴は必要ですか？,200,通塾時の同伴は任意です。はじめは保護者の方が付き添っていただいても構いません。,お子さまが慣れてきたタイミングで、お預けいただくスタイルも選べます❣️,見学や体験の際に、お子さまの様子を見ながらご相談いただけます😊,50,성공,,2025-07-27T13:57:52.150Z,"[{""type"":""main"",""text"":""通塾時の同伴は任意です。はじめは保護者の方が付き添っていただいても構いません。"",""attachment"":null},{""type"":""sub"",""text"":""お子さまが慣れてきたタイミングで、お預けいただくスタイルも選べます❣️"",""attachment"":null},{""type"":""cta"",""text"":""見学や体験の際に、お子さまの様子を見ながらご相談いただけます😊"",""attachment"":null}]"
PRESCHOOL_B-4,User_S,faq_user_001,通塾・学習時間,午後と午前のクラスがありますか？,200,教室によって異なりますが、午前中・午後の両方の時間帯で開講している日もございます。,お子さまの生活リズムや園のスケジュールに合わせてご相談可能です✨,詳しい開講曜日・時間帯は、教室または体験時にご確認いただけます📅,45,성공,,2025-07-27T13:57:53.196Z,"[{""type"":""main"",""text"":""教室によって異なりますが、午前中・午後の両方の時間帯で開講している日もございます。"",""attachment"":null},{""type"":""sub"",""text"":""お子さまの生活リズムや園のスケジュールに合わせてご相談可能です✨"",""attachment"":null},{""type"":""cta"",""text"":""詳しい開講曜日・時間帯は、教室または体験時にご確認いただけます📅"",""attachment"":null}]"
PRESCHOOL_B-5,User_S,faq_user_001,通塾・学習時間,欠席時のフォローはありますか？,200,体調不良やご都合による欠席には、振替対応や内容の補完をご案内しています🙆‍♀️,学びのペースが崩れないよう、個別にしっかりフォローいたします！,欠席時の対応について詳しく知りたい方は、お気軽にご相談ください😊,52,성공,,2025-07-27T13:57:54.251Z,"[{""type"":""main"",""text"":""体調不良やご都合による欠席には、振替対応や内容の補完をご案内しています🙆‍♀️"",""attachment"":null},{""type"":""sub"",""text"":""学びのペースが崩れないよう、個別にしっかりフォローいたします！"",""attachment"":null},{""type"":""cta"",""text"":""欠席時の対応について詳しく知りたい方は、お気軽にご相談ください😊"",""attachment"":null}]"
PRESCHOOL_C-1,User_S,faq_user_001,料金・制度,幼児コースの料金はいくらですか？,200,幼児コースはお選びいただくプログラムによって料金が異なります🏫,"- 英語教室「Lepton」: 月額 9,790円 ~ - 思考力育成「パズル道場」: 月額 6,600円 ~- ロボット製作講座「crefas」：月額 9,750円 ~",それぞれの内容や教材費については、無料体験や資料請求で詳しくご案内しております😊,56,성공,,2025-07-27T13:57:55.309Z,"[{""type"":""main"",""text"":""幼児コースはお選びいただくプログラムによって料金が異なります🏫"",""attachment"":null},{""type"":""sub"",""text"":""- 英語教室「Lepton」: 月額 9,790円 ~ \n- 思考力育成「パズル道場」: 月額 6,600円 ~\n- ロボット製作講座「crefas」：月額 9,750円 ~"",""attachment"":null},{""type"":""cta"",""text"":""それぞれの内容や教材費については、無料体験や資料請求で詳しくご案内しております😊"",""attachment"":null}]"
PRESCHOOL_C-2,User_S,faq_user_001,料金・制度,入会金・教材費はかかりますか？,200,はい、入会時には所定の入会金と教材費がかかります。,ただし、必要な教材だけをご案内するので、無駄なご負担はありません📚,費用の詳細については、資料請求または体験時にご確認いただけます😊,44,성공,,2025-07-27T13:57:56.354Z,"[{""type"":""main"",""text"":""はい、入会時には所定の入会金と教材費がかかります。"",""attachment"":null},{""type"":""sub"",""text"":""ただし、必要な教材だけをご案内するので、無駄なご負担はありません📚"",""attachment"":null},{""type"":""cta"",""text"":""費用の詳細については、資料請求または体験時にご確認いただけます😊"",""attachment"":null}]"
PRESCHOOL_C-3,User_S,faq_user_001,料金・制度,無料体験はありますか？,200,はい、3.14コミュニティでは幼児のお子さま向けに【無料体験レッスン】をご用意しています！,初めての環境でも安心して過ごせるよう、先生がやさしくサポートいたします✨,ぜひお気軽にお申し込みください🙆‍♀️,60,성공,,2025-07-27T13:57:57.416Z,"[{""type"":""main"",""text"":""はい、3.14コミュニティでは幼児のお子さま向けに【無料体験レッスン】をご用意しています！"",""attachment"":null},{""type"":""sub"",""text"":""初めての環境でも安心して過ごせるよう、先生がやさしくサポートいたします✨"",""attachment"":null},{""type"":""cta"",""text"":""ぜひお気軽にお申し込みください🙆‍♀️"",""attachment"":null}]"
PRESCHOOL_C-4,User_S,faq_user_001,料金・制度,定期的な成長レポートはもらえますか？,200,はい、お子さまの成長の様子や取り組み内容について、定期的にフィードバックをお渡ししています。,家庭でも成長の変化を感じられるよう、丁寧なコメントをお届けしています✨,気になる点があればいつでも面談でご相談いただけます😊,51,성공,,2025-07-27T13:57:58.470Z,"[{""type"":""main"",""text"":""はい、お子さまの成長の様子や取り組み内容について、定期的にフィードバックをお渡ししています。"",""attachment"":null},{""type"":""sub"",""text"":""家庭でも成長の変化を感じられるよう、丁寧なコメントをお届けしています✨"",""attachment"":null},{""type"":""cta"",""text"":""気になる点があればいつでも面談でご相談いただけます😊"",""attachment"":null}]"
PRESCHOOL_C-5,User_S,faq_user_001,料金・制度,他の年齢層に切り替えるタイミングは？,200,就学前後のタイミングで、小学生向けコースへのスムーズな切り替えが可能です。,「もう少し先取りしたい」「集中力が伸びてきた」など、お子さまの成長に応じてご提案します✨,面談や体験を通して、最適なタイミングをご一緒に考えていきましょう😊,47,성공,,2025-07-27T13:57:59.519Z,"[{""type"":""main"",""text"":""就学前後のタイミングで、小学生向けコースへのスムーズな切り替えが可能です。"",""attachment"":null},{""type"":""sub"",""text"":""「もう少し先取りしたい」「集中力が伸びてきた」など、お子さまの成長に応じてご提案します✨"",""attachment"":null},{""type"":""cta"",""text"":""面談や体験を通して、最適なタイミングをご一緒に考えていきましょう😊"",""attachment"":null}]"